L	D	resultado	R
256	1	18.260156	2048
256	1	15.538823	2048
256	1	13.766387	2048
256	1	13.624922	2048
256	1	9.098496	2048
256	1	9.230000	2048
256	1	12.560151	2048
256	1	12.531450	2048
256	1	10.304824	2048
256	1	9.798945	2048
256	1	9.816562	2048
256	1	9.571240	2048
256	1	9.215859	2048
256	1	10.801074	2048
256	1	9.440566	2048
256	1	9.423926	2048
256	1	9.205547	2048
256	1	9.238828	2048
256	1	9.328496	2048
256	1	9.559834	2048
256	1	9.506152	2048
256	1	10.103662	2048
256	1	9.498848	2048
256	1	9.377324	2048
256	1	9.222891	2048
256	1	9.252148	2048
256	1	9.224238	2048
256	1	9.145273	2048
256	1	9.230684	2048
256	1	9.102148	2048
256	1	9.102129	2048
256	1	9.215625	2048
256	1	9.248184	2048
256	1	9.099453	2048
256	1	9.104082	2048
256	1	9.096133	2048
256	1	9.237617	2048
256	1	9.217266	2048
256	1	9.222676	2048
256	1	9.112168	2048
256	1	9.218184	2048
256	1	9.240977	2048
256	1	9.208340	2048
256	1	9.222832	2048
256	1	9.241973	2048
256	1	9.229238	2048
256	1	9.234961	2048
256	1	9.233574	2048
256	1	9.234180	2048
256	1	9.232422	2048
256	1	9.408574	2048
256	1	9.234063	2048
256	1	9.228652	2048
256	1	9.501387	2048
256	1	9.237578	2048
256	1	9.117188	2048
256	1	9.247891	2048
256	1	9.102813	2048
256	1	9.105801	2048
256	1	9.381191	2048
256	1	9.104531	2048
256	1	9.108125	2048
256	1	9.235625	2048
256	1	9.103223	2048
256	1	9.355527	2048
256	1	9.525605	2048
256	1	9.286270	2048
256	1	9.108477	2048
256	1	9.328789	2048
256	1	9.098203	2048
256	1	9.099297	2048
256	1	9.499121	2048
256	1	9.103262	2048
256	1	9.107539	2048
256	1	9.246621	2048
256	1	9.114883	2048
256	1	9.107754	2048
256	1	9.581016	2048
256	1	9.099609	2048
256	1	9.102266	2048
256	1	9.242148	2048
256	1	9.100508	2048
256	1	9.095898	2048
256	1	9.096934	2048
256	1	9.107891	2048
256	1	9.096133	2048
256	1	9.108984	2048
256	1	9.249453	2048
256	1	9.103574	2048
256	1	9.099668	2048
256	1	9.109648	2048
256	1	9.103457	2048
256	1	9.105605	2048
256	1	9.095566	2048
256	1	9.109141	2048
256	1	9.099766	2048
256	1	9.097129	2048
256	1	9.106406	2048
256	1	9.106895	2048
256	1	9.104941	2048
256	5	9.229535	409
256	5	9.229340	409
256	5	9.236870	409
256	5	9.241271	409
256	5	9.250269	409
256	5	9.237262	409
256	5	9.235892	409
256	5	9.240098	409
256	5	9.251736	409
256	5	9.230122	409
256	5	9.255257	409
256	5	9.231980	409
256	5	9.281369	409
256	5	9.232567	409
256	5	9.240978	409
256	5	9.258680	409
256	5	9.253301	409
256	5	9.237359	409
256	5	9.249095	409
256	5	9.243619	409
256	5	9.268851	409
256	5	9.245183	409
256	5	9.254670	409
256	5	9.271198	409
256	5	9.279120	409
256	5	9.263961	409
256	5	9.258778	409
256	5	9.255941	409
256	5	9.217213	409
256	5	9.229144	409
256	5	9.263472	409
256	5	9.264645	409
256	5	9.260440	409
256	5	9.291932	409
256	5	10.188557	409
256	5	9.234719	409
256	5	9.240000	409
256	5	9.233154	409
256	5	9.237946	409
256	5	9.259364	409
256	5	9.220440	409
256	5	9.236870	409
256	5	9.259267	409
256	5	9.250856	409
256	5	9.239413	409
256	5	9.243814	409
256	5	9.232078	409
256	5	9.275599	409
256	5	9.250758	409
256	5	9.271883	409
256	5	9.255648	409
256	5	9.244890	409
256	5	9.228264	409
256	5	9.225721	409
256	5	9.229829	409
256	5	9.259169	409
256	5	9.257408	409
256	5	9.266406	409
256	5	9.255844	409
256	5	9.230513	409
256	5	9.268949	409
256	5	9.307286	409
256	5	13.505721	409
256	5	13.061711	409
256	5	13.339951	409
256	5	93.440880	409
256	5	12.083227	409
256	5	13.363814	409
256	5	9.256235	409
256	5	9.249095	409
256	5	9.273741	409
256	5	9.234230	409
256	5	9.248020	409
256	5	9.261125	409
256	5	9.277359	409
256	5	9.236284	409
256	5	9.239120	409
256	5	9.219951	409
256	5	9.243912	409
256	5	9.248509	409
256	5	9.255257	409
256	5	9.237946	409
256	5	9.258386	409
256	5	9.254670	409
256	5	9.256528	409
256	5	9.250171	409
256	5	9.273643	409
256	5	9.229829	409
256	5	9.261125	409
256	5	9.275208	409
256	5	9.241369	409
256	5	9.253594	409
256	5	9.240782	409
256	5	9.238044	409
256	5	9.242445	409
256	5	9.229927	409
256	5	9.250465	409
256	5	9.261516	409
256	5	9.234034	409
256	5	9.264450	409
256	12	9.391406	256
256	12	9.415000	256
256	12	9.412656	256
256	12	9.361094	256
256	12	9.373437	256
256	12	9.448125	256
256	12	9.371250	256
256	12	9.365781	256
256	12	9.386406	256
256	12	9.379687	256
256	12	9.356406	256
256	12	9.359844	256
256	12	9.371250	256
256	12	9.372344	256
256	12	9.345937	256
256	12	9.371094	256
256	12	9.405625	256
256	12	9.399688	256
256	12	9.378125	256
256	12	9.415469	256
256	12	9.370156	256
256	12	9.371719	256
256	12	9.367969	256
256	12	9.349687	256
256	12	9.384688	256
256	12	12.536563	256
256	12	9.377656	256
256	12	9.390625	256
256	12	9.356250	256
256	12	9.349219	256
256	12	9.363594	256
256	12	9.406562	256
256	12	9.392344	256
256	12	9.401406	256
256	12	9.379219	256
256	12	9.402031	256
256	12	9.359219	256
256	12	9.340156	256
256	12	9.403438	256
256	12	9.367812	256
256	12	9.409062	256
256	12	9.400469	256
256	12	9.396875	256
256	12	9.408594	256
256	12	9.382969	256
256	12	9.415313	256
256	12	9.379844	256
256	12	9.404063	256
256	12	9.378125	256
256	12	9.427500	256
256	12	9.380000	256
256	12	9.390625	256
256	12	9.389062	256
256	12	9.392031	256
256	12	9.374531	256
256	12	9.371406	256
256	12	9.412812	256
256	12	14.673438	256
256	12	9.346406	256
256	12	9.364688	256
256	12	9.374063	256
256	12	9.408281	256
256	12	9.375156	256
256	12	9.377812	256
256	12	9.407969	256
256	12	9.407500	256
256	12	9.395312	256
256	12	9.380156	256
256	12	9.407500	256
256	12	9.359687	256
256	12	9.384531	256
256	12	9.407500	256
256	12	9.369375	256
256	12	9.392344	256
256	12	9.391875	256
256	12	9.403125	256
256	12	9.414531	256
256	12	9.350312	256
256	12	9.412969	256
256	12	9.365625	256
256	12	9.393906	256
256	12	9.359687	256
256	12	18.758125	256
256	12	9.420312	256
256	12	9.361875	256
256	12	9.396719	256
256	12	9.378125	256
256	12	9.363281	256
256	12	9.385938	256
256	12	9.372969	256
256	12	9.364375	256
256	12	9.380156	256
256	12	9.392812	256
256	12	9.410000	256
256	12	9.369687	256
256	12	9.383594	256
256	12	9.396875	256
256	12	15.151250	256
256	12	15.187344	256
256	12	9.350312	256
256	51	9.372656	256
256	51	9.351250	256
256	51	9.434531	256
256	51	9.387187	256
256	51	15.198359	256
256	51	15.134375	256
256	51	14.570234	256
256	51	14.465703	256
256	51	9.417813	256
256	51	9.345000	256
256	51	9.426875	256
256	51	9.387187	256
256	51	14.578906	256
256	51	9.691250	256
256	51	9.344062	256
256	51	9.400625	256
256	51	9.383281	256
256	51	9.363906	256
256	51	9.371406	256
256	51	9.403594	256
256	51	9.371250	256
256	51	9.391719	256
256	51	9.387344	256
256	51	9.382344	256
256	51	9.402188	256
256	51	9.428125	256
256	51	9.432500	256
256	51	9.411875	256
256	51	9.750000	256
256	51	9.386094	256
256	51	9.414062	256
256	51	9.667969	256
256	51	9.397031	256
256	51	9.398281	256
256	51	11.425156	256
256	51	9.398281	256
256	51	9.379219	256
256	51	9.390469	256
256	51	9.350312	256
256	51	9.376563	256
256	51	9.383437	256
256	51	9.391719	256
256	51	9.405625	256
256	51	9.425937	256
256	51	9.382812	256
256	51	9.404063	256
256	51	9.366094	256
256	51	9.419688	256
256	51	10.948281	256
256	51	11.010000	256
256	51	11.003281	256
256	51	9.410625	256
256	51	9.396406	256
256	51	9.358594	256
256	51	9.428594	256
256	51	9.387031	256
256	51	9.397500	256
256	51	9.391406	256
256	51	9.373437	256
256	51	9.396562	256
256	51	9.369687	256
256	51	9.347656	256
256	51	9.509219	256
256	51	9.372813	256
256	51	9.427344	256
256	51	9.413750	256
256	51	9.408437	256
256	51	9.392812	256
256	51	9.353594	256
256	51	9.413281	256
256	51	9.377812	256
256	51	9.407969	256
256	51	9.379062	256
256	51	9.417188	256
256	51	9.434375	256
256	51	9.390937	256
256	51	9.369531	256
256	51	9.419219	256
256	51	9.466563	256
256	51	9.366250	256
256	51	9.398750	256
256	51	9.385938	256
256	51	9.413594	256
256	51	9.364531	256
256	51	9.366406	256
256	51	9.419531	256
256	51	9.411875	256
256	51	9.406250	256
256	51	9.343906	256
256	51	9.379531	256
256	51	9.342344	256
256	51	11.701406	256
256	51	9.425781	256
256	51	9.364531	256
256	51	9.375937	256
256	51	9.386094	256
256	51	9.385312	256
256	51	9.474375	256
256	51	9.387500	256
256	51	9.373437	256
256	93	9.472188	256
256	93	9.451562	256
256	93	9.470000	256
256	93	9.497188	256
256	93	9.477656	256
256	93	9.449219	256
256	93	9.475625	256
256	93	9.491875	256
256	93	9.466563	256
256	93	9.472969	256
256	93	9.482188	256
256	93	9.488437	256
256	93	9.457812	256
256	93	9.529375	256
256	93	9.443750	256
256	93	9.471875	256
256	93	9.441094	256
256	93	9.436406	256
256	93	12.309062	256
256	93	9.467344	256
256	93	9.451406	256
256	93	9.471406	256
256	93	9.477500	256
256	93	9.518750	256
256	93	9.546875	256
256	93	9.471250	256
256	93	9.503281	256
256	93	9.453594	256
256	93	9.493281	256
256	93	9.416094	256
256	93	9.516406	256
256	93	9.426406	256
256	93	9.408125	256
256	93	9.471250	256
256	93	9.450781	256
256	93	9.462656	256
256	93	9.455469	256
256	93	9.475938	256
256	93	9.498125	256
256	93	9.434375	256
256	93	9.470000	256
256	93	9.451562	256
256	93	9.465781	256
256	93	9.448125	256
256	93	13.341875	256
256	93	9.435156	256
256	93	9.460156	256
256	93	9.470625	256
256	93	9.479062	256
256	93	9.466406	256
256	93	9.431875	256
256	93	9.466406	256
256	93	9.470625	256
256	93	9.437656	256
256	93	9.872813	256
256	93	11.620781	256
256	93	10.097031	256
256	93	10.738750	256
256	93	9.484687	256
256	93	9.519063	256
256	93	9.557969	256
256	93	9.697344	256
256	93	9.614062	256
256	93	9.764688	256
256	93	9.494687	256
256	93	9.425313	256
256	93	9.437188	256
256	93	9.452969	256
256	93	9.483906	256
256	93	9.574219	256
256	93	9.459844	256
256	93	9.457656	256
256	93	9.461719	256
256	93	11.754375	256
256	93	9.451719	256
256	93	9.428594	256
256	93	9.403281	256
256	93	9.435313	256
256	93	9.429688	256
256	93	9.465156	256
256	93	9.524531	256
256	93	11.925469	256
256	93	9.444219	256
256	93	9.464375	256
256	93	9.408750	256
256	93	9.474844	256
256	93	9.414687	256
256	93	9.432969	256
256	93	9.472500	256
256	93	9.456719	256
256	93	9.432969	256
256	93	9.452969	256
256	93	9.431406	256
256	93	9.456875	256
256	93	9.455312	256
256	93	9.461719	256
256	93	9.452656	256
256	93	9.476562	256
256	93	10.322188	256
256	93	12.041094	256
768	1	9.090807	6144
768	1	9.229453	6144
768	1	9.090566	6144
768	1	9.090755	6144
768	1	9.125990	6144
768	1	9.258060	6144
768	1	9.255228	6144
768	1	9.308776	6144
768	1	9.265716	6144
768	1	9.383620	6144
768	1	9.267513	6144
768	1	9.270189	6144
768	1	9.262461	6144
768	1	9.256478	6144
768	1	9.267298	6144
768	1	9.357852	6144
768	1	9.277129	6144
768	1	9.090749	6144
768	1	9.347832	6144
768	1	9.266543	6144
768	1	9.350059	6144
768	1	9.313659	6144
768	1	9.269935	6144
768	1	9.358770	6144
768	1	9.273099	6144
768	1	9.268945	6144
768	1	9.379883	6144
768	1	9.271510	6144
768	1	9.270202	6144
768	1	9.312487	6144
768	1	9.266803	6144
768	1	9.098353	6144
768	1	9.321803	6144
768	1	9.261595	6144
768	1	9.366758	6144
768	1	9.309108	6144
768	1	9.262559	6144
768	1	9.337396	6144
768	1	9.258242	6144
768	1	9.275215	6144
768	1	9.387747	6144
768	1	9.274564	6144
768	1	9.091055	6144
768	1	9.319382	6144
768	1	9.268223	6144
768	1	9.265820	6144
768	1	9.334290	6144
768	1	9.273587	6144
768	1	9.174655	6144
768	1	9.272865	6144
768	1	9.263646	6144
768	1	9.206387	6144
768	1	9.266719	6144
768	1	9.263932	6144
768	1	9.305326	6144
768	1	9.276178	6144
768	1	9.089746	6144
768	1	9.317357	6144
768	1	9.266452	6144
768	1	9.379284	6144
768	1	9.333021	6144
768	1	9.266986	6144
768	1	9.329954	6144
768	1	9.268086	6144
768	1	9.268359	6144
768	1	9.328542	6144
768	1	9.271022	6144
768	1	9.274486	6144
768	1	9.292826	6144
768	1	9.270234	6144
768	1	9.101087	6144
768	1	9.196510	6144
768	1	9.091094	6144
768	1	9.326556	6144
768	1	9.346465	6144
768	1	9.265449	6144
768	1	9.328561	6144
768	1	9.260371	6144
768	1	9.275059	6144
768	1	9.318151	6144
768	1	9.263861	6144
768	1	9.091289	6144
768	1	9.281979	6144
768	1	9.271270	6144
768	1	9.163587	6144
768	1	9.330677	6144
768	1	9.258607	6144
768	1	9.198210	6144
768	1	9.273490	6144
768	1	9.349655	6144
768	1	9.138607	6144
768	1	9.088385	6144
768	1	9.093092	6144
768	1	9.312155	6144
768	1	9.274922	6144
768	1	9.085039	6144
768	1	9.328490	6144
768	1	9.268874	6144
768	1	9.317917	6144
768	1	9.273229	6144
768	5	9.430619	1228
768	5	9.431433	1228
768	5	9.419642	1228
768	5	9.430651	1228
768	5	9.424821	1228
768	5	9.425798	1228
768	5	9.425570	1228
768	5	9.419283	1228
768	5	9.420326	1228
768	5	9.909121	1228
768	5	9.418827	1228
768	5	9.424007	1228
768	5	9.434300	1228
768	5	9.432997	1228
768	5	9.429707	1228
768	5	9.421368	1228
768	5	9.228176	1228
768	5	9.422671	1228
768	5	9.430130	1228
768	5	9.733388	1228
768	5	9.437362	1228
768	5	9.427492	1228
768	5	9.425961	1228
768	5	9.432997	1228
768	5	9.442410	1228
768	5	9.434267	1228
768	5	9.431270	1228
768	5	9.424169	1228
768	5	9.229577	1228
768	5	9.906775	1228
768	5	9.245081	1228
768	5	9.444919	1228
768	5	9.221498	1228
768	5	9.224951	1228
768	5	9.436482	1228
768	5	9.422085	1228
768	5	9.819316	1228
768	5	9.440358	1228
768	5	9.231531	1228
768	5	9.226971	1228
768	5	9.434104	1228
768	5	9.234463	1228
768	5	9.468599	1228
768	5	9.245179	1228
768	5	9.435212	1228
768	5	9.237296	1228
768	5	9.506971	1228
768	5	9.291596	1228
768	5	9.250033	1228
768	5	9.243094	1228
768	5	9.229707	1228
768	5	9.266971	1228
768	5	9.240000	1228
768	5	9.800912	1228
768	5	9.422215	1228
768	5	9.426319	1228
768	5	9.447980	1228
768	5	9.229609	1228
768	5	9.425537	1228
768	5	9.416906	1228
768	5	9.242182	1228
768	5	9.237036	1228
768	5	9.236906	1228
768	5	9.236091	1228
768	5	9.262280	1228
768	5	9.421564	1228
768	5	9.228046	1228
768	5	9.241726	1228
768	5	9.423225	1228
768	5	9.239349	1228
768	5	9.824495	1228
768	5	9.233388	1228
768	5	9.236417	1228
768	5	9.251726	1228
768	5	9.228925	1228
768	5	9.245375	1228
768	5	9.227068	1228
768	5	9.807720	1228
768	5	9.431824	1228
768	5	9.265081	1228
768	5	9.259772	1228
768	5	9.236319	1228
768	5	9.244365	1228
768	5	9.226743	1228
768	5	9.243681	1228
768	5	9.238990	1228
768	5	9.242834	1228
768	5	9.265440	1228
768	5	9.236026	1228
768	5	9.437492	1228
768	5	9.247492	1228
768	5	9.228371	1228
768	5	9.426938	1228
768	5	9.232215	1228
768	5	9.452378	1228
768	5	9.236612	1228
768	5	9.224756	1228
768	5	9.258241	1228
768	5	9.235798	1228
768	5	9.234300	1228
768	12	9.483646	768
768	12	9.464635	768
768	12	9.461979	768
768	12	9.469635	768
768	12	9.697083	768
768	12	9.452813	768
768	12	9.715469	768
768	12	9.721458	768
768	12	9.677552	768
768	12	9.679896	768
768	12	9.709792	768
768	12	9.704062	768
768	12	9.711042	768
768	12	9.466250	768
768	12	9.687656	768
768	12	9.467865	768
768	12	9.463385	768
768	12	9.694010	768
768	12	9.459375	768
768	12	9.702448	768
768	12	9.700208	768
768	12	9.686146	768
768	12	9.724583	768
768	12	9.924792	768
768	12	9.467448	768
768	12	9.467135	768
768	12	9.496667	768
768	12	9.460052	768
768	12	9.448906	768
768	12	9.453802	768
768	12	9.477031	768
768	12	9.459740	768
768	12	9.434948	768
768	12	9.456042	768
768	12	9.462500	768
768	12	9.455104	768
768	12	9.460938	768
768	12	9.487396	768
768	12	9.490208	768
768	12	9.474167	768
768	12	9.445208	768
768	12	9.457552	768
768	12	10.789062	768
768	12	9.518542	768
768	12	9.449844	768
768	12	9.463281	768
768	12	9.463229	768
768	12	9.467969	768
768	12	9.456198	768
768	12	9.465521	768
768	12	9.466615	768
768	12	9.469427	768
768	12	9.486510	768
768	12	9.464219	768
768	12	9.462292	768
768	12	9.506823	768
768	12	9.468490	768
768	12	9.456094	768
768	12	9.461406	768
768	12	9.473958	768
768	12	9.470417	768
768	12	9.879062	768
768	12	9.442135	768
768	12	9.441719	768
768	12	9.460208	768
768	12	9.471146	768
768	12	9.480521	768
768	12	9.461927	768
768	12	9.502656	768
768	12	9.461562	768
768	12	9.463698	768
768	12	9.461562	768
768	12	9.451250	768
768	12	9.468281	768
768	12	9.459687	768
768	12	9.578906	768
768	12	9.490156	768
768	12	9.466406	768
768	12	9.490104	768
768	12	9.470521	768
768	12	9.458229	768
768	12	9.462083	768
768	12	9.461927	768
768	12	9.484531	768
768	12	11.706979	768
768	12	9.458073	768
768	12	9.450729	768
768	12	9.456302	768
768	12	9.484427	768
768	12	9.459010	768
768	12	9.461771	768
768	12	9.466146	768
768	12	9.472604	768
768	12	9.488385	768
768	12	9.711406	768
768	12	10.823802	768
768	12	9.468958	768
768	12	9.447135	768
768	12	9.464271	768
768	12	9.465781	768
768	51	9.492240	768
768	51	9.482708	768
768	51	9.502865	768
768	51	9.509479	768
768	51	9.499271	768
768	51	9.489167	768
768	51	9.483177	768
768	51	9.481927	768
768	51	9.723281	768
768	51	9.502448	768
768	51	9.498906	768
768	51	9.485312	768
768	51	9.484792	768
768	51	9.492708	768
768	51	9.469323	768
768	51	9.497083	768
768	51	9.503906	768
768	51	9.481823	768
768	51	9.515104	768
768	51	9.490729	768
768	51	9.994948	768
768	51	9.502865	768
768	51	9.751927	768
768	51	9.531042	768
768	51	9.479010	768
768	51	9.753125	768
768	51	9.503125	768
768	51	9.745833	768
768	51	9.500000	768
768	51	9.732135	768
768	51	9.489792	768
768	51	9.752969	768
768	51	9.491302	768
768	51	9.748437	768
768	51	9.507760	768
768	51	20.293750	768
768	51	20.980286	768
768	51	20.760807	768
768	51	20.734141	768
768	51	19.445521	768
768	51	19.497604	768
768	51	19.623542	768
768	51	19.477917	768
768	51	19.460208	768
768	51	18.383021	768
768	51	11.661198	768
768	51	10.335130	768
768	51	11.586016	768
768	51	10.349036	768
768	51	11.956823	768
768	51	11.635365	768
768	51	11.852344	768
768	51	11.151146	768
768	51	11.627917	768
768	51	15.788359	768
768	51	10.352604	768
768	51	14.739688	768
768	51	11.432031	768
768	51	10.354896	768
768	51	11.432083	768
768	51	10.346979	768
768	51	11.040990	768
768	51	11.418854	768
768	51	10.089089	768
768	51	11.465104	768
768	51	11.281667	768
768	51	11.184635	768
768	51	11.042604	768
768	51	11.053906	768
768	51	10.033177	768
768	51	12.519922	768
768	51	11.015521	768
768	51	10.060156	768
768	51	10.675781	768
768	51	11.071198	768
768	51	11.088802	768
768	51	11.027552	768
768	51	11.032240	768
768	51	11.040104	768
768	51	12.331719	768
768	51	11.021042	768
768	51	11.014635	768
768	51	10.858125	768
768	51	10.800417	768
768	51	13.407474	768
768	51	10.821771	768
768	51	10.696979	768
768	51	9.814010	768
768	51	10.401875	768
768	51	10.404531	768
768	51	11.423281	768
768	51	10.421797	768
768	51	9.899531	768
768	51	10.698021	768
768	51	10.972188	768
768	51	10.052344	768
768	51	10.084531	768
768	51	9.765104	768
768	51	10.485521	768
768	51	10.046875	768
768	93	10.228177	768
768	93	10.214167	768
768	93	9.923594	768
768	93	10.352344	768
768	93	11.704271	768
768	93	10.810469	768
768	93	11.463385	768
768	93	10.361615	768
768	93	10.080000	768
768	93	10.382865	768
768	93	11.301042	768
768	93	12.384792	768
768	93	10.634948	768
768	93	10.858750	768
768	93	11.210417	768
768	93	11.022708	768
768	93	11.339219	768
768	93	10.966406	768
768	93	11.037187	768
768	93	11.387760	768
768	93	11.782917	768
768	93	11.436510	768
768	93	11.359167	768
768	93	10.791354	768
768	93	10.418906	768
768	93	10.485000	768
768	93	10.562865	768
768	93	10.642656	768
768	93	10.817083	768
768	93	10.215677	768
768	93	10.412969	768
768	93	11.249948	768
768	93	11.006615	768
768	93	10.571615	768
768	93	11.155052	768
768	93	11.106146	768
768	93	11.008750	768
768	93	11.713490	768
768	93	10.959219	768
768	93	11.893646	768
768	93	10.815104	768
768	93	10.957083	768
768	93	9.873125	768
768	93	10.015313	768
768	93	9.831563	768
768	93	10.277917	768
768	93	9.768073	768
768	93	10.054167	768
768	93	9.894115	768
768	93	9.898646	768
768	93	10.009427	768
768	93	9.937135	768
768	93	10.200729	768
768	93	11.111042	768
768	93	10.957396	768
768	93	10.409062	768
768	93	11.469062	768
768	93	11.437708	768
768	93	10.967344	768
768	93	11.302500	768
768	93	11.140729	768
768	93	10.738437	768
768	93	11.169792	768
768	93	10.606979	768
768	93	10.369740	768
768	93	10.483490	768
768	93	11.104792	768
768	93	11.135885	768
768	93	11.118385	768
768	93	11.183073	768
768	93	11.684062	768
768	93	11.517031	768
768	93	10.671927	768
768	93	10.610469	768
768	93	10.719115	768
768	93	11.576094	768
768	93	11.520573	768
768	93	11.019635	768
768	93	10.229062	768
768	93	10.716563	768
768	93	9.967187	768
768	93	9.995260	768
768	93	11.592917	768
768	93	10.990417	768
768	93	10.963125	768
768	93	10.257500	768
768	93	10.435625	768
768	93	10.424375	768
768	93	11.095937	768
768	93	11.142708	768
768	93	10.637396	768
768	93	10.539323	768
768	93	10.438229	768
768	93	11.247552	768
768	93	11.084427	768
768	93	11.128698	768
768	93	10.904479	768
768	93	11.265365	768
768	93	11.235729	768
768	93	11.782396	768
2048	1	9.205010	16384
2048	1	9.132180	16384
2048	1	9.296851	16384
2048	1	9.295391	16384
2048	1	9.293418	16384
2048	1	9.305449	16384
2048	1	9.280405	16384
2048	1	9.293289	16384
2048	1	9.177417	16384
2048	1	9.317893	16384
2048	1	9.283657	16384
2048	1	9.151294	16384
2048	1	9.096245	16384
2048	1	9.304817	16384
2048	1	9.291250	16384
2048	1	9.287329	16384
2048	1	9.177346	16384
2048	1	9.291145	16384
2048	1	9.287754	16384
2048	1	9.294670	16384
2048	1	15.479916	16384
2048	1	15.282102	16384
2048	1	14.905565	16384
2048	1	10.355454	16384
2048	1	11.684257	16384
2048	1	10.108752	16384
2048	1	11.301891	16384
2048	1	10.453344	16384
2048	1	10.006890	16384
2048	1	19.290576	16384
2048	1	18.318290	16384
2048	1	11.082111	16384
2048	1	11.765238	16384
2048	1	10.768401	16384
2048	1	11.330634	16384
2048	1	10.381355	16384
2048	1	14.588513	16384
2048	1	19.356323	16384
2048	1	18.504292	16384
2048	1	17.615930	16384
2048	1	12.463226	16384
2048	1	15.109266	16384
2048	1	12.193580	16384
2048	1	14.215055	16384
2048	1	11.536595	16384
2048	1	12.392723	16384
2048	1	11.928845	16384
2048	1	10.009499	16384
2048	1	9.368474	16384
2048	1	9.386445	16384
2048	1	9.556587	16384
2048	1	9.582954	16384
2048	1	9.372551	16384
2048	1	9.573860	16384
2048	1	9.466069	16384
2048	1	9.211509	16384
2048	1	9.288213	16384
2048	1	9.245293	16384
2048	1	9.349856	16384
2048	1	9.308376	16384
2048	1	9.219946	16384
2048	1	9.155723	16384
2048	1	9.252571	16384
2048	1	9.286050	16384
2048	1	9.283845	16384
2048	1	9.284241	16384
2048	1	9.184766	16384
2048	1	9.298115	16384
2048	1	9.295566	16384
2048	1	9.290742	16384
2048	1	9.097380	16384
2048	1	9.295967	16384
2048	1	9.292559	16384
2048	1	9.287900	16384
2048	1	9.278494	16384
2048	1	9.309834	16384
2048	1	9.296719	16384
2048	1	9.287971	16384
2048	1	9.090662	16384
2048	1	9.191394	16384
2048	1	9.294490	16384
2048	1	9.217026	16384
2048	1	9.283137	16384
2048	1	9.253008	16384
2048	1	9.274548	16384
2048	1	9.151221	16384
2048	1	9.296226	16384
2048	1	9.177676	16384
2048	1	9.288794	16384
2048	1	9.215710	16384
2048	1	9.277275	16384
2048	1	9.100015	16384
2048	1	9.292102	16384
2048	1	9.134065	16384
2048	1	9.278372	16384
2048	1	9.188223	16384
2048	1	9.291169	16384
2048	1	9.300129	16384
2048	1	9.277896	16384
2048	1	9.093853	16384
2048	5	9.399451	3276
2048	5	9.593700	3276
2048	5	9.467875	3276
2048	5	9.630061	3276
2048	5	9.231270	3276
2048	5	9.523333	3276
2048	5	9.545165	3276
2048	5	10.705379	3276
2048	5	20.302027	3276
2048	5	20.011190	3276
2048	5	9.536923	3276
2048	5	9.575702	3276
2048	5	9.714994	3276
2048	5	9.466789	3276
2048	5	9.724530	3276
2048	5	9.485311	3276
2048	5	18.873260	3276
2048	5	9.571258	3276
2048	5	9.549109	3276
2048	5	9.504737	3276
2048	5	9.453504	3276
2048	5	9.504127	3276
2048	5	9.439060	3276
2048	5	9.316435	3276
2048	5	9.511795	3276
2048	5	9.215910	3276
2048	5	11.114652	3276
2048	5	10.444554	3276
2048	5	9.582234	3276
2048	5	9.319988	3276
2048	5	10.729829	3276
2048	5	10.451722	3276
2048	5	10.688840	3276
2048	5	10.383407	3276
2048	5	10.383138	3276
2048	5	10.357228	3276
2048	5	10.506593	3276
2048	5	10.317302	3276
2048	5	10.460470	3276
2048	5	10.016899	3276
2048	5	10.131477	3276
2048	5	9.756893	3276
2048	5	9.265958	3276
2048	5	9.405714	3276
2048	5	9.374444	3276
2048	5	9.408425	3276
2048	5	9.419780	3276
2048	5	9.408046	3276
2048	5	9.407717	3276
2048	5	9.413370	3276
2048	5	9.400623	3276
2048	5	9.182308	3276
2048	5	9.416154	3276
2048	5	16.835754	3276
2048	5	9.429573	3276
2048	5	9.420501	3276
2048	5	9.633346	3276
2048	5	9.409866	3276
2048	5	9.493114	3276
2048	5	9.415409	3276
2048	5	16.267137	3276
2048	5	9.463175	3276
2048	5	9.191123	3276
2048	5	9.408584	3276
2048	5	14.859408	3276
2048	5	15.395482	3276
2048	5	15.237277	3276
2048	5	15.227985	3276
2048	5	9.938089	3276
2048	5	9.415238	3276
2048	5	14.546087	3276
2048	5	14.708858	3276
2048	5	14.546068	3276
2048	5	9.807210	3276
2048	5	9.691514	3276
2048	5	9.183565	3276
2048	5	10.003309	3276
2048	5	9.186960	3276
2048	5	9.993407	3276
2048	5	9.530574	3276
2048	5	9.487924	3276
2048	5	9.512515	3276
2048	5	9.475287	3276
2048	5	9.507411	3276
2048	5	9.447387	3276
2048	5	9.185800	3276
2048	5	9.439658	3276
2048	5	9.201917	3276
2048	5	9.590317	3276
2048	5	9.432369	3276
2048	5	9.418694	3276
2048	5	9.529695	3276
2048	5	9.504933	3276
2048	5	9.590537	3276
2048	5	9.668938	3276
2048	5	9.580317	3276
2048	5	9.506960	3276
2048	5	9.619145	3276
2048	5	9.529048	3276
2048	5	9.619805	3276
2048	12	10.848926	2048
2048	12	10.678066	2048
2048	12	10.942109	2048
2048	12	10.137031	2048
2048	12	9.957129	2048
2048	12	9.747559	2048
2048	12	10.283535	2048
2048	12	9.640898	2048
2048	12	9.919648	2048
2048	12	9.862969	2048
2048	12	10.056543	2048
2048	12	9.464141	2048
2048	12	9.825762	2048
2048	12	10.052910	2048
2048	12	10.094082	2048
2048	12	9.977988	2048
2048	12	9.850059	2048
2048	12	9.924336	2048
2048	12	9.745938	2048
2048	12	9.708477	2048
2048	12	10.217559	2048
2048	12	9.705508	2048
2048	12	9.885039	2048
2048	12	9.378906	2048
2048	12	9.736992	2048
2048	12	10.309688	2048
2048	12	9.744004	2048
2048	12	10.056777	2048
2048	12	9.991777	2048
2048	12	9.800742	2048
2048	12	9.546348	2048
2048	12	9.697832	2048
2048	12	10.287305	2048
2048	12	9.806367	2048
2048	12	9.893164	2048
2048	12	9.840293	2048
2048	12	9.822266	2048
2048	12	9.664824	2048
2048	12	9.700586	2048
2048	12	9.853066	2048
2048	12	9.869258	2048
2048	12	9.701914	2048
2048	12	9.714844	2048
2048	12	9.804199	2048
2048	12	9.746172	2048
2048	12	9.474316	2048
2048	12	9.618457	2048
2048	12	9.762891	2048
2048	12	9.862656	2048
2048	12	9.898105	2048
2048	12	9.726172	2048
2048	12	10.983730	2048
2048	12	9.807148	2048
2048	12	10.267539	2048
2048	12	11.072676	2048
2048	12	10.405918	2048
2048	12	10.541133	2048
2048	12	9.991152	2048
2048	12	9.910703	2048
2048	12	9.649043	2048
2048	12	9.642637	2048
2048	12	9.654277	2048
2048	12	9.769395	2048
2048	12	10.504414	2048
2048	12	9.784375	2048
2048	12	9.826875	2048
2048	12	10.068457	2048
2048	12	9.871895	2048
2048	12	9.399316	2048
2048	12	9.856445	2048
2048	12	9.963730	2048
2048	12	10.105488	2048
2048	12	9.863340	2048
2048	12	9.658164	2048
2048	12	9.855254	2048
2048	12	9.919492	2048
2048	12	9.921680	2048
2048	12	10.105449	2048
2048	12	10.278184	2048
2048	12	9.998730	2048
2048	12	9.778496	2048
2048	12	9.737363	2048
2048	12	10.013320	2048
2048	12	9.944824	2048
2048	12	10.056680	2048
2048	12	9.907793	2048
2048	12	9.708184	2048
2048	12	10.111543	2048
2048	12	9.830273	2048
2048	12	9.864102	2048
2048	12	9.674785	2048
2048	12	10.220996	2048
2048	12	10.524961	2048
2048	12	9.856504	2048
2048	12	9.503652	2048
2048	12	9.813848	2048
2048	12	9.901191	2048
2048	12	9.831680	2048
2048	12	10.092949	2048
2048	12	10.052129	2048
2048	51	10.330449	2048
2048	51	10.103906	2048
2048	51	9.764277	2048
2048	51	10.394199	2048
2048	51	10.205273	2048
2048	51	9.848066	2048
2048	51	10.594629	2048
2048	51	10.305469	2048
2048	51	9.741426	2048
2048	51	10.314941	2048
2048	51	10.269727	2048
2048	51	9.898711	2048
2048	51	10.340352	2048
2048	51	10.363437	2048
2048	51	9.971738	2048
2048	51	10.004121	2048
2048	51	10.363418	2048
2048	51	9.975762	2048
2048	51	10.311426	2048
2048	51	10.225527	2048
2048	51	10.125840	2048
2048	51	9.995605	2048
2048	51	10.249863	2048
2048	51	9.826914	2048
2048	51	10.130234	2048
2048	51	10.171602	2048
2048	51	9.839316	2048
2048	51	10.215820	2048
2048	51	10.205684	2048
2048	51	10.181406	2048
2048	51	10.204922	2048
2048	51	10.176758	2048
2048	51	10.033770	2048
2048	51	10.187969	2048
2048	51	10.369199	2048
2048	51	10.284082	2048
2048	51	10.238906	2048
2048	51	10.290254	2048
2048	51	10.245879	2048
2048	51	10.038301	2048
2048	51	10.174219	2048
2048	51	10.264297	2048
2048	51	10.271523	2048
2048	51	10.533945	2048
2048	51	10.284941	2048
2048	51	10.373730	2048
2048	51	10.309902	2048
2048	51	10.138457	2048
2048	51	10.218145	2048
2048	51	10.417715	2048
2048	51	10.246387	2048
2048	51	10.221562	2048
2048	51	10.291758	2048
2048	51	10.146523	2048
2048	51	9.864648	2048
2048	51	10.232891	2048
2048	51	10.274375	2048
2048	51	9.797930	2048
2048	51	10.213340	2048
2048	51	10.159980	2048
2048	51	9.854727	2048
2048	51	10.078340	2048
2048	51	10.078926	2048
2048	51	10.013848	2048
2048	51	10.400488	2048
2048	51	9.825117	2048
2048	51	9.776289	2048
2048	51	10.132656	2048
2048	51	10.070684	2048
2048	51	9.895703	2048
2048	51	10.152520	2048
2048	51	10.111445	2048
2048	51	9.681641	2048
2048	51	10.075293	2048
2048	51	9.995059	2048
2048	51	10.029961	2048
2048	51	10.213145	2048
2048	51	9.870820	2048
2048	51	10.287402	2048
2048	51	10.271621	2048
2048	51	10.390781	2048
2048	51	10.661543	2048
2048	51	10.432402	2048
2048	51	10.780078	2048
2048	51	10.666465	2048
2048	51	10.691641	2048
2048	51	11.356914	2048
2048	51	12.017266	2048
2048	51	10.993301	2048
2048	51	12.352871	2048
2048	51	11.265801	2048
2048	51	10.458516	2048
2048	51	10.177871	2048
2048	51	10.014609	2048
2048	51	10.233750	2048
2048	51	10.080312	2048
2048	51	10.169395	2048
2048	51	10.428730	2048
2048	51	10.180703	2048
2048	51	9.874980	2048
2048	93	10.132773	2048
2048	93	10.158594	2048
2048	93	10.160508	2048
2048	93	9.872910	2048
2048	93	10.228555	2048
2048	93	10.649902	2048
2048	93	10.674512	2048
2048	93	10.230469	2048
2048	93	10.295664	2048
2048	93	10.020352	2048
2048	93	9.886270	2048
2048	93	10.174316	2048
2048	93	9.978027	2048
2048	93	10.122109	2048
2048	93	10.226289	2048
2048	93	9.988086	2048
2048	93	10.183555	2048
2048	93	10.210859	2048
2048	93	10.173359	2048
2048	93	10.203027	2048
2048	93	10.653496	2048
2048	93	10.205840	2048
2048	93	10.167676	2048
2048	93	10.119766	2048
2048	93	10.174453	2048
2048	93	10.149062	2048
2048	93	9.936016	2048
2048	93	9.996699	2048
2048	93	16.944492	2048
2048	93	17.254248	2048
2048	93	10.465176	2048
2048	93	9.850938	2048
2048	93	10.307930	2048
2048	93	10.190996	2048
2048	93	11.649834	2048
2048	93	10.451289	2048
2048	93	10.302129	2048
2048	93	10.161953	2048
2048	93	10.194102	2048
2048	93	10.278457	2048
2048	93	11.692969	2048
2048	93	11.416152	2048
2048	93	11.519258	2048
2048	93	12.039453	2048
2048	93	11.799941	2048
2048	93	12.105723	2048
2048	93	11.998008	2048
2048	93	12.137285	2048
2048	93	11.641562	2048
2048	93	10.464043	2048
2048	93	11.813262	2048
2048	93	11.247422	2048
2048	93	12.698789	2048
2048	93	11.812832	2048
2048	93	12.334023	2048
2048	93	12.055977	2048
2048	93	12.435801	2048
2048	93	11.887305	2048
2048	93	11.076191	2048
2048	93	12.095137	2048
2048	93	11.636172	2048
2048	93	12.371016	2048
2048	93	12.354004	2048
2048	93	11.222051	2048
2048	93	12.313281	2048
2048	93	12.279492	2048
2048	93	11.790117	2048
2048	93	12.009941	2048
2048	93	13.062441	2048
2048	93	12.039629	2048
2048	93	12.287480	2048
2048	93	12.293887	2048
2048	93	11.827852	2048
2048	93	12.627695	2048
2048	93	11.643086	2048
2048	93	12.041484	2048
2048	93	11.736289	2048
2048	93	11.777031	2048
2048	93	12.373965	2048
2048	93	11.634277	2048
2048	93	11.725684	2048
2048	93	12.173223	2048
2048	93	11.998223	2048
2048	93	11.851230	2048
2048	93	12.048867	2048
2048	93	11.287227	2048
2048	93	12.090176	2048
2048	93	12.331387	2048
2048	93	11.915801	2048
2048	93	12.265410	2048
2048	93	11.977031	2048
2048	93	11.882129	2048
2048	93	11.715898	2048
2048	93	11.733848	2048
2048	93	12.250273	2048
2048	93	12.077988	2048
2048	93	12.139551	2048
2048	93	11.695781	2048
2048	93	11.711660	2048
2048	93	12.076504	2048
3072	1	9.302355	24576
3072	1	9.124310	24576
3072	1	9.242318	24576
3072	1	9.296273	24576
3072	1	9.138820	24576
3072	1	9.283446	24576
3072	1	9.286797	24576
3072	1	9.287887	24576
3072	1	9.290228	24576
3072	1	9.136592	24576
3072	1	9.290013	24576
3072	1	9.284769	24576
3072	1	9.294966	24576
3072	1	9.296359	24576
3072	1	9.160885	24576
3072	1	9.282168	24576
3072	1	9.181566	24576
3072	1	9.298543	24576
3072	1	9.288148	24576
3072	1	9.281300	24576
3072	1	9.293324	24576
3072	1	9.294071	24576
3072	1	9.287943	24576
3072	1	9.287476	24576
3072	1	9.291440	24576
3072	1	9.092951	24576
3072	1	15.772239	24576
3072	1	10.541177	24576
3072	1	10.557371	24576
3072	1	9.724104	24576
3072	1	10.030838	24576
3072	1	9.884500	24576
3072	1	9.575205	24576
3072	1	9.570868	24576
3072	1	9.626260	24576
3072	1	9.625285	24576
3072	1	9.623643	24576
3072	1	9.512135	24576
3072	1	9.289557	24576
3072	1	9.104007	24576
3072	1	19.283080	24576
3072	1	11.716666	24576
3072	1	11.392026	24576
3072	1	11.290673	24576
3072	1	11.216042	24576
3072	1	10.888267	24576
3072	1	10.410877	24576
3072	1	10.341906	24576
3072	1	10.186351	24576
3072	1	10.196074	24576
3072	1	10.193444	24576
3072	1	9.966330	24576
3072	1	10.204193	24576
3072	1	10.191123	24576
3072	1	9.283184	24576
3072	1	9.295775	24576
3072	1	9.273947	24576
3072	1	9.148128	24576
3072	1	9.104860	24576
3072	1	9.294920	24576
3072	1	10.879297	24576
3072	1	10.300184	24576
3072	1	10.351301	24576
3072	1	10.165429	24576
3072	1	9.873961	24576
3072	1	9.656795	24576
3072	1	9.529768	24576
3072	1	9.130568	24576
3072	1	14.406450	24576
3072	1	9.283099	24576
3072	1	9.281346	24576
3072	1	9.294466	24576
3072	1	9.524070	24576
3072	1	9.297082	24576
3072	1	9.285718	24576
3072	1	9.155632	24576
3072	1	9.282646	24576
3072	1	9.145654	24576
3072	1	9.295889	24576
3072	1	9.212344	24576
3072	1	9.300804	24576
3072	1	9.285677	24576
3072	1	9.165444	24576
3072	1	9.282607	24576
3072	1	9.177077	24576
3072	1	9.284302	24576
3072	1	9.288148	24576
3072	1	9.284925	24576
3072	1	9.161315	24576
3072	1	9.287819	24576
3072	1	9.276022	24576
3072	1	9.278338	24576
3072	1	9.087813	24576
3072	1	9.090845	24576
3072	1	9.108706	24576
3072	1	9.110573	24576
3072	1	9.112292	24576
3072	1	9.122982	24576
3072	1	9.283564	24576
3072	1	9.117397	24576
3072	5	9.400562	4915
3072	5	9.415341	4915
3072	5	9.421070	4915
3072	5	9.420305	4915
3072	5	9.401066	4915
3072	5	9.500671	4915
3072	5	9.408391	4915
3072	5	9.198055	4915
3072	5	9.515923	4915
3072	5	9.406975	4915
3072	5	9.497343	4915
3072	5	9.400350	4915
3072	5	9.408179	4915
3072	5	9.468680	4915
3072	5	9.409620	4915
3072	5	9.172737	4915
3072	5	9.421542	4915
3072	5	9.569701	4915
3072	5	9.502690	4915
3072	5	9.413062	4915
3072	5	9.175227	4915
3072	5	9.313286	4915
3072	5	9.170442	4915
3072	5	9.243817	4915
3072	5	9.262625	4915
3072	5	9.182242	4915
3072	5	9.246275	4915
3072	5	9.165664	4915
3072	5	9.308281	4915
3072	5	9.177880	4915
3072	5	9.170262	4915
3072	5	9.287040	4915
3072	5	9.175333	4915
3072	5	9.471935	4915
3072	5	9.190714	4915
3072	5	9.178051	4915
3072	5	9.479772	4915
3072	5	9.412696	4915
3072	5	9.456472	4915
3072	5	9.410360	4915
3072	5	9.403556	4915
3072	5	14.624012	4915
3072	5	18.977286	4915
3072	5	18.842531	4915
3072	5	17.326649	4915
3072	5	17.314197	4915
3072	5	18.025738	4915
3072	5	16.927571	4915
3072	5	11.031048	4915
3072	5	9.993058	4915
3072	5	11.169799	4915
3072	5	9.998120	4915
3072	5	15.983495	4915
3072	5	15.991011	4915
3072	5	15.221209	4915
3072	5	11.034205	4915
3072	5	9.930222	4915
3072	5	11.280916	4915
3072	5	20.129729	4915
3072	5	19.449733	4915
3072	5	18.988452	4915
3072	5	18.822966	4915
3072	5	11.152476	4915
3072	5	10.910169	4915
3072	5	17.877624	4915
3072	5	17.221141	4915
3072	5	16.953858	4915
3072	5	11.424155	4915
3072	5	11.931280	4915
3072	5	11.945139	4915
3072	5	11.410527	4915
3072	5	11.615219	4915
3072	5	11.624179	4915
3072	5	11.017595	4915
3072	5	12.325178	4915
3072	5	12.310185	4915
3072	5	12.156848	4915
3072	5	11.949613	4915
3072	5	11.860926	4915
3072	5	11.564063	4915
3072	5	11.696256	4915
3072	5	11.979015	4915
3072	5	9.711227	4915
3072	5	11.029314	4915
3072	5	10.523622	4915
3072	5	10.871585	4915
3072	5	10.316240	4915
3072	5	10.721009	4915
3072	5	10.469567	4915
3072	5	10.307263	4915
3072	5	10.075972	4915
3072	5	10.485225	4915
3072	5	10.317550	4915
3072	5	10.322995	4915
3072	5	10.558421	4915
3072	5	10.311943	4915
3072	5	10.320936	4915
3072	5	10.520724	4915
3072	5	10.012680	4915
3072	5	10.007097	4915
3072	12	11.993210	3072
3072	12	10.550612	3072
3072	12	10.231146	3072
3072	12	10.967793	3072
3072	12	10.674609	3072
3072	12	10.619219	3072
3072	12	10.684961	3072
3072	12	10.553770	3072
3072	12	10.211602	3072
3072	12	10.290586	3072
3072	12	10.427057	3072
3072	12	10.033424	3072
3072	12	10.429701	3072
3072	12	10.345729	3072
3072	12	10.417096	3072
3072	12	10.391471	3072
3072	12	10.505534	3072
3072	12	10.223737	3072
3072	12	10.313711	3072
3072	12	10.296120	3072
3072	12	10.062240	3072
3072	12	10.325794	3072
3072	12	10.440156	3072
3072	12	10.458529	3072
3072	12	10.224701	3072
3072	12	10.391589	3072
3072	12	10.285690	3072
3072	12	10.350521	3072
3072	12	10.285482	3072
3072	12	9.933568	3072
3072	12	10.202969	3072
3072	12	10.107266	3072
3072	12	10.421979	3072
3072	12	10.379036	3072
3072	12	10.308685	3072
3072	12	10.335443	3072
3072	12	10.403841	3072
3072	12	10.398333	3072
3072	12	10.411901	3072
3072	12	10.360951	3072
3072	12	10.315156	3072
3072	12	10.052539	3072
3072	12	10.082083	3072
3072	12	10.077995	3072
3072	12	10.122682	3072
3072	12	10.434479	3072
3072	12	10.383945	3072
3072	12	10.251589	3072
3072	12	10.290208	3072
3072	12	10.465495	3072
3072	12	10.187096	3072
3072	12	10.026979	3072
3072	12	10.425039	3072
3072	12	9.975625	3072
3072	12	10.394922	3072
3072	12	10.394727	3072
3072	12	10.528659	3072
3072	12	10.299635	3072
3072	12	10.497031	3072
3072	12	10.455742	3072
3072	12	10.617057	3072
3072	12	10.251784	3072
3072	12	10.083255	3072
3072	12	10.411563	3072
3072	12	10.253034	3072
3072	12	10.413529	3072
3072	12	10.392031	3072
3072	12	10.535534	3072
3072	12	10.316211	3072
3072	12	10.526901	3072
3072	12	10.386589	3072
3072	12	10.060690	3072
3072	12	10.089583	3072
3072	12	9.950391	3072
3072	12	10.121133	3072
3072	12	10.271732	3072
3072	12	10.344570	3072
3072	12	10.127070	3072
3072	12	10.702031	3072
3072	12	10.274427	3072
3072	12	10.375156	3072
3072	12	10.236068	3072
3072	12	10.373633	3072
3072	12	10.477435	3072
3072	12	16.535176	3072
3072	12	16.287793	3072
3072	12	10.458281	3072
3072	12	10.269492	3072
3072	12	10.662865	3072
3072	12	10.421719	3072
3072	12	16.247259	3072
3072	12	16.142174	3072
3072	12	16.000605	3072
3072	12	15.409857	3072
3072	12	10.249661	3072
3072	12	15.534603	3072
3072	12	15.405895	3072
3072	12	14.728431	3072
3072	12	14.693805	3072
3072	12	14.212520	3072
3072	51	14.773405	3072
3072	51	14.601292	3072
3072	51	12.132116	3072
3072	51	12.899264	3072
3072	51	13.097611	3072
3072	51	12.006029	3072
3072	51	13.626471	3072
3072	51	15.073366	3072
3072	51	13.220534	3072
3072	51	14.087669	3072
3072	51	14.442799	3072
3072	51	12.437318	3072
3072	51	13.837891	3072
3072	51	13.118203	3072
3072	51	12.904818	3072
3072	51	12.409115	3072
3072	51	12.298424	3072
3072	51	14.275755	3072
3072	51	12.745391	3072
3072	51	12.949089	3072
3072	51	12.797917	3072
3072	51	13.977279	3072
3072	51	11.924147	3072
3072	51	12.190221	3072
3072	51	12.459818	3072
3072	51	12.158594	3072
3072	51	12.680703	3072
3072	51	13.299271	3072
3072	51	12.998828	3072
3072	51	12.843685	3072
3072	51	12.677422	3072
3072	51	11.985794	3072
3072	51	12.110169	3072
3072	51	12.392500	3072
3072	51	11.891120	3072
3072	51	12.648919	3072
3072	51	12.403464	3072
3072	51	12.820859	3072
3072	51	12.198099	3072
3072	51	11.787305	3072
3072	51	10.623711	3072
3072	51	10.824453	3072
3072	51	10.763633	3072
3072	51	10.601901	3072
3072	51	10.527070	3072
3072	51	10.456602	3072
3072	51	10.903607	3072
3072	51	10.783047	3072
3072	51	11.058867	3072
3072	51	10.723997	3072
3072	51	10.874479	3072
3072	51	10.972161	3072
3072	51	10.607656	3072
3072	51	10.984948	3072
3072	51	10.881576	3072
3072	51	10.612174	3072
3072	51	10.396159	3072
3072	51	20.432493	3072
3072	51	10.632331	3072
3072	51	19.065723	3072
3072	51	13.019063	3072
3072	51	12.771901	3072
3072	51	12.195495	3072
3072	51	12.043880	3072
3072	51	12.089753	3072
3072	51	11.876406	3072
3072	51	11.881042	3072
3072	51	11.192695	3072
3072	51	11.339805	3072
3072	51	11.570527	3072
3072	51	11.403118	3072
3072	51	11.182409	3072
3072	51	11.131667	3072
3072	51	11.745794	3072
3072	51	12.023398	3072
3072	51	13.068861	3072
3072	51	13.819714	3072
3072	51	13.309336	3072
3072	51	12.570521	3072
3072	51	13.223750	3072
3072	51	11.002148	3072
3072	51	10.815260	3072
3072	51	11.072669	3072
3072	51	10.903086	3072
3072	51	10.832734	3072
3072	51	10.533164	3072
3072	51	10.295638	3072
3072	51	10.802930	3072
3072	51	10.929232	3072
3072	51	10.761471	3072
3072	51	11.913490	3072
3072	51	11.554414	3072
3072	51	12.199883	3072
3072	51	12.330547	3072
3072	51	12.012396	3072
3072	51	13.728724	3072
3072	51	12.177995	3072
3072	51	12.770299	3072
3072	51	11.984193	3072
3072	51	12.219753	3072
3072	93	12.725130	3072
3072	93	13.352331	3072
3072	93	12.712930	3072
3072	93	13.570221	3072
3072	93	13.947656	3072
3072	93	13.474076	3072
3072	93	13.479401	3072
3072	93	13.517734	3072
3072	93	13.329674	3072
3072	93	14.124492	3072
3072	93	13.678997	3072
3072	93	13.814687	3072
3072	93	13.289974	3072
3072	93	13.956862	3072
3072	93	13.393815	3072
3072	93	13.554414	3072
3072	93	13.432708	3072
3072	93	13.656185	3072
3072	93	13.786706	3072
3072	93	14.193685	3072
3072	93	13.707812	3072
3072	93	14.051380	3072
3072	93	14.579453	3072
3072	93	13.571901	3072
3072	93	13.789544	3072
3072	93	13.105716	3072
3072	93	12.993789	3072
3072	93	13.529518	3072
3072	93	13.902604	3072
3072	93	13.721068	3072
3072	93	20.897350	3072
3072	93	19.865124	3072
3072	93	19.048112	3072
3072	93	18.545739	3072
3072	93	19.056133	3072
3072	93	18.237005	3072
3072	93	15.164753	3072
3072	93	13.959629	3072
3072	93	17.302025	3072
3072	93	14.696836	3072
3072	93	14.690573	3072
3072	93	15.000221	3072
3072	93	27.168236	3072
3072	93	25.146510	3072
3072	93	23.738971	3072
3072	93	15.913776	3072
3072	93	17.127256	3072
3072	93	16.957731	3072
3072	93	15.595801	3072
3072	93	15.417044	3072
3072	93	14.710573	3072
3072	93	15.482578	3072
3072	93	15.728177	3072
3072	93	15.376322	3072
3072	93	14.864154	3072
3072	93	14.192057	3072
3072	93	15.111328	3072
3072	93	14.394453	3072
3072	93	14.161966	3072
3072	93	12.792878	3072
3072	93	14.652214	3072
3072	93	14.262988	3072
3072	93	13.578542	3072
3072	93	13.055482	3072
3072	93	13.480664	3072
3072	93	12.400039	3072
3072	93	12.481706	3072
3072	93	13.434635	3072
3072	93	12.593841	3072
3072	93	13.772747	3072
3072	93	13.780521	3072
3072	93	13.970469	3072
3072	93	13.764076	3072
3072	93	13.818099	3072
3072	93	26.105788	3072
3072	93	13.617773	3072
3072	93	14.025690	3072
3072	93	14.498867	3072
3072	93	13.796680	3072
3072	93	13.352526	3072
3072	93	14.701146	3072
3072	93	14.241406	3072
3072	93	13.626484	3072
3072	93	14.108138	3072
3072	93	14.042500	3072
3072	93	13.960247	3072
3072	93	13.375286	3072
3072	93	13.408021	3072
3072	93	14.289948	3072
3072	93	14.380169	3072
3072	93	13.660885	3072
3072	93	13.311068	3072
3072	93	13.699609	3072
3072	93	13.514518	3072
3072	93	13.262109	3072
3072	93	14.150156	3072
3072	93	13.341706	3072
3072	93	13.594948	3072
3072	93	13.962630	3072
3072	93	13.133242	3072
8192	1	9.248711	65536
8192	1	9.142633	65536
8192	1	9.136661	65536
8192	1	9.105542	65536
8192	1	9.101486	65536
8192	1	9.290790	65536
8192	1	9.098856	65536
8192	1	9.299097	65536
8192	1	9.285398	65536
8192	1	9.248537	65536
8192	1	9.283698	65536
8192	1	9.276496	65536
8192	1	9.279726	65536
8192	1	17.509239	65536
8192	1	14.664972	65536
8192	1	13.520350	65536
8192	1	12.304343	65536
8192	1	11.432690	65536
8192	1	10.788484	65536
8192	1	10.007352	65536
8192	1	9.873748	65536
8192	1	9.544994	65536
8192	1	9.286752	65536
8192	1	9.198709	65536
8192	1	14.252982	65536
8192	1	13.058142	65536
8192	1	11.979150	65536
8192	1	10.981616	65536
8192	1	10.463530	65536
8192	1	9.421475	65536
8192	1	9.342174	65536
8192	1	9.281035	65536
8192	1	9.286180	65536
8192	1	9.258954	65536
8192	1	9.287874	65536
8192	1	17.724652	65536
8192	1	15.807180	65536
8192	1	14.051655	65536
8192	1	12.637530	65536
8192	1	11.742176	65536
8192	1	10.915517	65536
8192	1	10.243603	65536
8192	1	9.705909	65536
8192	1	9.469060	65536
8192	1	9.232048	65536
8192	1	9.282006	65536
8192	1	9.279163	65536
8192	1	9.093452	65536
8192	1	18.891316	65536
8192	1	16.353425	65536
8192	1	14.268288	65536
8192	1	13.074870	65536
8192	1	12.604889	65536
8192	1	11.535548	65536
8192	1	10.613523	65536
8192	1	9.994859	65536
8192	1	9.927167	65536
8192	1	9.762140	65536
8192	1	9.242472	65536
8192	1	9.228279	65536
8192	1	9.092252	65536
8192	1	9.089767	65536
8192	1	9.291095	65536
8192	1	9.092592	65536
8192	1	9.111193	65536
8192	1	18.237810	65536
8192	1	15.201285	65536
8192	1	14.103420	65536
8192	1	13.024999	65536
8192	1	12.178600	65536
8192	1	18.373462	65536
8192	1	15.975033	65536
8192	1	14.360056	65536
8192	1	18.282056	65536
8192	1	15.536594	65536
8192	1	13.884686	65536
8192	1	12.701207	65536
8192	1	11.712407	65536
8192	1	10.862226	65536
8192	1	10.221497	65536
8192	1	9.482343	65536
8192	1	9.570761	65536
8192	1	17.825437	65536
8192	1	15.375282	65536
8192	1	13.618531	65536
8192	1	12.335614	65536
8192	1	11.486279	65536
8192	1	10.890765	65536
8192	1	18.537960	65536
8192	1	15.822271	65536
8192	1	14.105725	65536
8192	1	12.742059	65536
8192	1	11.672252	65536
8192	1	10.474257	65536
8192	1	9.232856	65536
8192	1	9.279440	65536
8192	1	9.141133	65536
8192	1	9.084412	65536
8192	1	9.296567	65536
8192	1	9.283708	65536
8192	5	9.434250	13107
8192	5	9.456178	13107
8192	5	9.464414	13107
8192	5	9.434952	13107
8192	5	9.459098	13107
8192	5	9.468956	13107
8192	5	9.251246	13107
8192	5	9.467127	13107
8192	5	9.366464	13107
8192	5	9.470234	13107
8192	5	9.227839	13107
8192	5	9.484782	13107
8192	5	16.372631	13107
8192	5	9.238386	13107
8192	5	9.410559	13107
8192	5	9.335677	13107
8192	5	9.468244	13107
8192	5	9.231070	13107
8192	5	9.485469	13107
8192	5	9.480174	13107
8192	5	9.214603	13107
8192	5	9.463273	13107
8192	5	9.472114	13107
8192	5	9.290752	13107
8192	5	9.463111	13107
8192	5	9.476716	13107
8192	5	9.229660	13107
8192	5	9.260987	13107
8192	5	9.229233	13107
8192	5	9.185303	13107
8192	5	9.223810	13107
8192	5	9.240833	13107
8192	5	9.222080	13107
8192	5	9.463154	13107
8192	5	9.379693	13107
8192	5	9.377249	13107
8192	5	9.220804	13107
8192	5	9.459480	13107
8192	5	9.283186	13107
8192	5	9.467860	13107
8192	5	9.467814	13107
8192	5	9.223011	13107
8192	5	9.195532	13107
8192	5	9.242872	13107
8192	5	9.219806	13107
8192	5	9.192731	13107
8192	5	9.229615	13107
8192	5	9.453516	13107
8192	5	9.225650	13107
8192	5	11.488482	13107
8192	5	9.469071	13107
8192	5	9.224350	13107
8192	5	9.465214	13107
8192	5	9.473451	13107
8192	5	9.428849	13107
8192	5	9.467854	13107
8192	5	9.261433	13107
8192	5	9.445231	13107
8192	5	9.437983	13107
8192	5	18.503844	13107
8192	5	19.415357	13107
8192	5	10.576971	13107
8192	5	10.099995	13107
8192	5	17.565172	13107
8192	5	16.930433	13107
8192	5	16.137052	13107
8192	5	11.818802	13107
8192	5	11.431368	13107
8192	5	11.466148	13107
8192	5	19.048428	13107
8192	5	17.764620	13107
8192	5	17.603584	13107
8192	5	12.598306	13107
8192	5	14.910524	13107
8192	5	15.040980	13107
8192	5	12.284456	13107
8192	5	14.726288	13107
8192	5	14.478736	13107
8192	5	12.395231	13107
8192	5	11.954794	13107
8192	5	11.806139	13107
8192	5	11.435094	13107
8192	5	18.911379	13107
8192	5	11.456054	13107
8192	5	12.012670	13107
8192	5	11.377668	13107
8192	5	12.181460	13107
8192	5	12.027841	13107
8192	5	11.991175	13107
8192	5	11.522995	13107
8192	5	11.831858	13107
8192	5	11.118441	13107
8192	5	11.281707	13107
8192	5	10.589261	13107
8192	5	10.780687	13107
8192	5	10.401938	13107
8192	5	10.568103	13107
8192	5	10.368722	13107
8192	5	9.889776	13107
8192	5	10.003244	13107
8192	12	11.181638	8192
8192	12	23.031079	8192
8192	12	21.633440	8192
8192	12	21.634652	8192
8192	12	20.437571	8192
8192	12	13.452566	8192
8192	12	13.828503	8192
8192	12	13.517877	8192
8192	12	13.392079	8192
8192	12	13.039116	8192
8192	12	13.204824	8192
8192	12	13.016533	8192
8192	12	12.630610	8192
8192	12	12.424656	8192
8192	12	12.357339	8192
8192	12	12.219082	8192
8192	12	11.710762	8192
8192	12	16.386338	8192
8192	12	22.605715	8192
8192	12	21.719082	8192
8192	12	20.353416	8192
8192	12	20.127874	8192
8192	12	19.346720	8192
8192	12	18.441707	8192
8192	12	18.198892	8192
8192	12	17.504622	8192
8192	12	16.837095	8192
8192	12	16.860088	8192
8192	12	13.932321	8192
8192	12	22.972412	8192
8192	12	13.908552	8192
8192	12	21.301926	8192
8192	12	14.192236	8192
8192	12	22.297878	8192
8192	12	22.480444	8192
8192	12	21.665986	8192
8192	12	20.477297	8192
8192	12	19.701724	8192
8192	12	19.519517	8192
8192	12	16.452903	8192
8192	12	17.326665	8192
8192	12	16.471272	8192
8192	12	16.514996	8192
8192	12	15.739529	8192
8192	12	16.582864	8192
8192	12	15.417411	8192
8192	12	15.903978	8192
8192	12	15.530945	8192
8192	12	15.471671	8192
8192	12	14.797908	8192
8192	12	14.645820	8192
8192	12	14.151058	8192
8192	12	14.307245	8192
8192	12	22.746838	8192
8192	12	21.901277	8192
8192	12	21.218560	8192
8192	12	20.074867	8192
8192	12	19.522576	8192
8192	12	15.259279	8192
8192	12	16.829556	8192
8192	12	17.401997	8192
8192	12	17.592444	8192
8192	12	16.913003	8192
8192	12	14.716295	8192
8192	12	14.916372	8192
8192	12	14.505043	8192
8192	12	14.177277	8192
8192	12	18.071116	8192
8192	12	23.105388	8192
8192	12	21.743926	8192
8192	12	20.469692	8192
8192	12	19.638461	8192
8192	12	19.419423	8192
8192	12	18.411466	8192
8192	12	18.026772	8192
8192	12	17.592393	8192
8192	12	16.092528	8192
8192	12	15.586907	8192
8192	12	15.225525	8192
8192	12	14.698722	8192
8192	12	15.476361	8192
8192	12	14.625220	8192
8192	12	14.221895	8192
8192	12	14.585908	8192
8192	12	14.336064	8192
8192	12	13.844226	8192
8192	12	13.467999	8192
8192	12	13.439735	8192
8192	12	13.027251	8192
8192	12	13.230386	8192
8192	12	12.593555	8192
8192	12	12.669160	8192
8192	12	12.785039	8192
8192	12	12.799163	8192
8192	12	12.203975	8192
8192	12	12.048081	8192
8192	12	12.089377	8192
8192	12	11.948149	8192
8192	12	11.858877	8192
8192	12	11.610312	8192
8192	51	13.587102	8192
8192	51	26.307466	8192
8192	51	24.686183	8192
8192	51	23.007367	8192
8192	51	19.224874	8192
8192	51	19.455027	8192
8192	51	19.055027	8192
8192	51	18.336029	8192
8192	51	26.214065	8192
8192	51	24.302778	8192
8192	51	22.987821	8192
8192	51	21.102263	8192
8192	51	20.199106	8192
8192	51	19.011686	8192
8192	51	18.245153	8192
8192	51	20.563901	8192
8192	51	19.677014	8192
8192	51	18.616145	8192
8192	51	27.073870	8192
8192	51	24.677957	8192
8192	51	24.925306	8192
8192	51	23.627034	8192
8192	51	22.749961	8192
8192	51	26.438616	8192
8192	51	13.239990	8192
8192	51	13.084624	8192
8192	51	13.403306	8192
8192	51	13.092393	8192
8192	51	13.014248	8192
8192	51	12.974536	8192
8192	51	12.987578	8192
8192	51	13.018828	8192
8192	51	13.042144	8192
8192	51	13.232324	8192
8192	51	13.298066	8192
8192	51	13.243501	8192
8192	51	12.979331	8192
8192	51	12.989536	8192
8192	51	13.240537	8192
8192	51	13.082109	8192
8192	51	26.443975	8192
8192	51	24.363049	8192
8192	51	18.273643	8192
8192	51	19.070836	8192
8192	51	18.371360	8192
8192	51	17.831929	8192
8192	51	16.934904	8192
8192	51	16.350676	8192
8192	51	16.100159	8192
8192	51	15.725110	8192
8192	51	15.159492	8192
8192	51	15.008921	8192
8192	51	14.353716	8192
8192	51	14.132200	8192
8192	51	14.106658	8192
8192	51	13.538652	8192
8192	51	13.105723	8192
8192	51	13.071489	8192
8192	51	13.040415	8192
8192	51	13.304443	8192
8192	51	13.318901	8192
8192	51	12.967432	8192
8192	51	13.214995	8192
8192	51	13.254937	8192
8192	51	13.047407	8192
8192	51	12.942876	8192
8192	51	15.239370	8192
8192	51	13.766016	8192
8192	51	12.983306	8192
8192	51	13.202437	8192
8192	51	13.230884	8192
8192	51	13.176157	8192
8192	51	13.133828	8192
8192	51	13.247554	8192
8192	51	12.978237	8192
8192	51	13.050356	8192
8192	51	13.011118	8192
8192	51	13.186069	8192
8192	51	13.077700	8192
8192	51	12.922930	8192
8192	51	13.443994	8192
8192	51	13.160356	8192
8192	51	13.037661	8192
8192	51	13.169624	8192
8192	51	14.044478	8192
8192	51	13.107466	8192
8192	51	13.042529	8192
8192	51	12.934883	8192
8192	51	13.140127	8192
8192	51	13.287827	8192
8192	51	12.967529	8192
8192	51	13.160015	8192
8192	51	13.142402	8192
8192	51	12.982407	8192
8192	51	12.939517	8192
8192	51	13.352148	8192
8192	51	13.142578	8192
8192	51	13.274111	8192
8192	51	12.980122	8192
8192	51	13.197583	8192
8192	93	22.146311	8192
8192	93	20.191938	8192
8192	93	15.939082	8192
8192	93	16.066687	8192
8192	93	14.860493	8192
8192	93	14.622407	8192
8192	93	14.456499	8192
8192	93	14.064861	8192
8192	93	13.643896	8192
8192	93	13.199272	8192
8192	93	13.957446	8192
8192	93	13.192837	8192
8192	93	13.208906	8192
8192	93	13.219668	8192
8192	93	13.262451	8192
8192	93	13.190742	8192
8192	93	13.212983	8192
8192	93	13.214287	8192
8192	93	13.230776	8192
8192	93	13.146440	8192
8192	93	13.383311	8192
8192	93	13.149600	8192
8192	93	13.400937	8192
8192	93	13.160400	8192
8192	93	13.461851	8192
8192	93	13.236313	8192
8192	93	13.532837	8192
8192	93	13.303018	8192
8192	93	13.173774	8192
8192	93	13.302764	8192
8192	93	20.161233	8192
8192	93	16.173574	8192
8192	93	17.860404	8192
8192	93	17.091831	8192
8192	93	15.708328	8192
8192	93	25.924492	8192
8192	93	23.339069	8192
8192	93	19.303959	8192
8192	93	18.726041	8192
8192	93	17.859052	8192
8192	93	17.257885	8192
8192	93	16.446055	8192
8192	93	15.872751	8192
8192	93	25.927939	8192
8192	93	21.470679	8192
8192	93	19.274064	8192
8192	93	18.980385	8192
8192	93	17.813894	8192
8192	93	26.459180	8192
8192	93	18.986478	8192
8192	93	26.080078	8192
8192	93	23.422256	8192
8192	93	20.171963	8192
8192	93	26.027686	8192
8192	93	23.213186	8192
8192	93	22.137495	8192
8192	93	21.132446	8192
8192	93	19.798282	8192
8192	93	18.488052	8192
8192	93	17.488707	8192
8192	93	16.568821	8192
8192	93	16.081814	8192
8192	93	25.976865	8192
8192	93	23.299374	8192
8192	93	22.085364	8192
8192	93	21.065464	8192
8192	93	19.272920	8192
8192	93	18.585105	8192
8192	93	17.193098	8192
8192	93	16.467361	8192
8192	93	15.796624	8192
8192	93	15.051562	8192
8192	93	14.434102	8192
8192	93	13.945618	8192
8192	93	13.840303	8192
8192	93	13.164951	8192
8192	93	13.383843	8192
8192	93	13.149233	8192
8192	93	13.223691	8192
8192	93	13.213442	8192
8192	93	13.128877	8192
8192	93	13.150435	8192
8192	93	13.343242	8192
8192	93	13.363701	8192
8192	93	13.218501	8192
8192	93	13.468442	8192
8192	93	13.212764	8192
8192	93	13.393906	8192
8192	93	13.422021	8192
8192	93	13.121260	8192
8192	93	13.148286	8192
8192	93	13.690029	8192
8192	93	13.238828	8192
8192	93	25.766995	8192
8192	93	18.072104	8192
8192	93	16.777827	8192
8192	93	15.925247	8192
8192	93	15.648516	8192
8192	93	14.851150	8192
8192	93	25.907473	8192
16384	1	15.247256	131072
16384	1	12.425096	131072
16384	1	10.922800	131072
16384	1	9.759027	131072
16384	1	9.096194	131072
16384	1	14.749168	131072
16384	1	12.153693	131072
16384	1	10.756806	131072
16384	1	10.401900	131072
16384	1	9.673124	131072
16384	1	9.163942	131072
16384	1	9.092625	131072
16384	1	9.251765	131072
16384	1	17.187577	131072
16384	1	13.386533	131072
16384	1	11.356647	131072
16384	1	9.955435	131072
16384	1	9.299781	131072
16384	1	9.102271	131072
16384	1	9.098935	131072
16384	1	9.098838	131072
16384	1	9.092517	131072
16384	1	17.018628	131072
16384	1	13.258673	131072
16384	1	11.259267	131072
16384	1	16.841180	131072
16384	1	17.197245	131072
16384	1	13.426687	131072
16384	1	11.788010	131072
16384	1	10.565346	131072
16384	1	9.729022	131072
16384	1	16.741233	131072
16384	1	17.006895	131072
16384	1	13.300186	131072
16384	1	11.638663	131072
16384	1	10.324326	131072
16384	1	9.395987	131072
16384	1	9.646009	131072
16384	1	9.094398	131072
16384	1	9.283668	131072
16384	1	16.836599	131072
16384	1	16.670915	131072
16384	1	17.269537	131072
16384	1	16.814914	131072
16384	1	13.263701	131072
16384	1	11.806010	131072
16384	1	9.288405	131072
16384	1	9.113503	131072
16384	1	17.134635	131072
16384	1	16.746466	131072
16384	1	16.849474	131072
16384	1	16.666867	131072
16384	1	16.995801	131072
16384	1	13.321999	131072
16384	1	11.745992	131072
16384	1	10.368494	131072
16384	1	16.770026	131072
16384	1	15.526934	131072
16384	1	12.466968	131072
16384	1	17.304882	131072
16384	1	17.674228	131072
16384	1	13.503532	131072
16384	1	16.020952	131072
16384	1	12.142951	131072
16384	1	10.540075	131072
16384	1	9.671140	131072
16384	1	9.138444	131072
16384	1	17.621446	131072
16384	1	17.244754	131072
16384	1	13.585032	131072
16384	1	17.031108	131072
16384	1	13.234883	131072
16384	1	16.107684	131072
16384	1	16.535800	131072
16384	1	17.565323	131072
16384	1	13.228002	131072
16384	1	11.662021	131072
16384	1	10.713134	131072
16384	1	9.718497	131072
16384	1	9.286063	131072
16384	1	9.177552	131072
16384	1	9.094707	131072
16384	1	9.120422	131072
16384	1	16.942127	131072
16384	1	16.070629	131072
16384	1	16.996571	131072
16384	1	17.290165	131072
16384	1	17.233789	131072
16384	1	16.829193	131072
16384	1	13.119778	131072
16384	1	11.145858	131072
16384	1	17.191473	131072
16384	1	13.355749	131072
16384	1	17.121509	131072
16384	1	16.940409	131072
16384	1	13.213765	131072
16384	1	16.878889	131072
16384	1	13.109112	131072
16384	1	11.102130	131072
16384	1	9.868219	131072
16384	5	9.757981	26214
16384	5	9.517835	26214
16384	5	20.060812	26214
16384	5	18.672313	26214
16384	5	17.185289	26214
16384	5	16.632924	26214
16384	5	16.332518	26214
16384	5	14.601154	26214
16384	5	14.398871	26214
16384	5	13.753908	26214
16384	5	13.059975	26214
16384	5	12.516279	26214
16384	5	11.898372	26214
16384	5	11.733241	26214
16384	5	11.319030	26214
16384	5	14.180949	26214
16384	5	10.759282	26214
16384	5	10.180278	26214
16384	5	9.869973	26214
16384	5	9.740912	26214
16384	5	9.563352	26214
16384	5	9.227555	26214
16384	5	9.478170	26214
16384	5	9.455978	26214
16384	5	9.476719	26214
16384	5	9.466088	26214
16384	5	9.466574	26214
16384	5	9.271525	26214
16384	5	9.274537	26214
16384	5	9.218889	26214
16384	5	9.221686	26214
16384	5	9.219091	26214
16384	5	9.452251	26214
16384	5	9.238732	26214
16384	5	9.442226	26214
16384	5	9.212023	26214
16384	5	9.230585	26214
16384	5	9.212856	26214
16384	5	9.273993	26214
16384	5	9.210892	26214
16384	5	9.230553	26214
16384	5	9.239445	26214
16384	5	19.392473	26214
16384	5	9.925041	26214
16384	5	13.850952	26214
16384	5	13.455052	26214
16384	5	11.428020	26214
16384	5	11.591065	26214
16384	5	10.927430	26214
16384	5	10.749851	26214
16384	5	10.222864	26214
16384	5	9.919185	26214
16384	5	9.924637	26214
16384	5	9.453598	26214
16384	5	9.609290	26214
16384	5	9.455219	26214
16384	5	9.224868	26214
16384	5	9.220880	26214
16384	5	9.516510	26214
16384	5	9.298398	26214
16384	5	19.641665	26214
16384	5	9.497685	26214
16384	5	9.748672	26214
16384	5	11.185890	26214
16384	5	10.802548	26214
16384	5	9.621752	26214
16384	5	9.471345	26214
16384	5	9.317847	26214
16384	5	9.269712	26214
16384	5	9.443450	26214
16384	5	18.746655	26214
16384	5	9.222306	26214
16384	5	15.457276	26214
16384	5	13.392178	26214
16384	5	13.100548	26214
16384	5	12.406156	26214
16384	5	11.713446	26214
16384	5	11.295309	26214
16384	5	10.928197	26214
16384	5	10.585020	26214
16384	5	10.268220	26214
16384	5	10.277189	26214
16384	5	10.159757	26214
16384	5	19.959815	26214
16384	5	18.154723	26214
16384	5	15.011238	26214
16384	5	15.200485	26214
16384	5	13.957749	26214
16384	5	13.605593	26214
16384	5	12.851909	26214
16384	5	12.557964	26214
16384	5	12.393615	26214
16384	5	11.469331	26214
16384	5	11.551307	26214
16384	5	19.742444	26214
16384	5	18.194255	26214
16384	5	16.333414	26214
16384	5	15.578927	26214
16384	5	14.552570	26214
16384	5	14.236614	26214
16384	12	15.547844	16384
16384	12	22.463284	16384
16384	12	21.110631	16384
16384	12	19.894529	16384
16384	12	16.493746	16384
16384	12	15.989648	16384
16384	12	15.188383	16384
16384	12	14.950469	16384
16384	12	14.656535	16384
16384	12	22.086370	16384
16384	12	20.631058	16384
16384	12	16.477349	16384
16384	12	22.739017	16384
16384	12	20.894751	16384
16384	12	19.808035	16384
16384	12	18.563263	16384
16384	12	18.616871	16384
16384	12	17.267820	16384
16384	12	16.448321	16384
16384	12	15.452299	16384
16384	12	15.116733	16384
16384	12	14.553282	16384
16384	12	14.144575	16384
16384	12	13.852863	16384
16384	12	21.674558	16384
16384	12	14.899690	16384
16384	12	16.988810	16384
16384	12	16.372083	16384
16384	12	15.493350	16384
16384	12	14.876150	16384
16384	12	15.007985	16384
16384	12	14.414671	16384
16384	12	13.730276	16384
16384	12	13.495823	16384
16384	12	13.257410	16384
16384	12	22.400155	16384
16384	12	20.674348	16384
16384	12	19.333188	16384
16384	12	18.478920	16384
16384	12	15.187139	16384
16384	12	21.946250	16384
16384	12	16.385764	16384
16384	12	15.691115	16384
16384	12	15.051260	16384
16384	12	14.552567	16384
16384	12	14.263748	16384
16384	12	15.321447	16384
16384	12	14.595338	16384
16384	12	14.358193	16384
16384	12	13.584705	16384
16384	12	13.916027	16384
16384	12	13.477217	16384
16384	12	13.109131	16384
16384	12	13.177454	16384
16384	12	12.713560	16384
16384	12	12.118921	16384
16384	12	11.626603	16384
16384	12	22.977734	16384
16384	12	21.132012	16384
16384	12	16.348680	16384
16384	12	14.149512	16384
16384	12	15.399155	16384
16384	12	15.396661	16384
16384	12	14.734946	16384
16384	12	13.859084	16384
16384	12	13.554736	16384
16384	12	13.480693	16384
16384	12	13.746041	16384
16384	12	12.659570	16384
16384	12	13.002488	16384
16384	12	12.008140	16384
16384	12	12.663269	16384
16384	12	12.477181	16384
16384	12	12.067463	16384
16384	12	22.466334	16384
16384	12	20.389382	16384
16384	12	19.460015	16384
16384	12	15.983511	16384
16384	12	15.356732	16384
16384	12	14.933568	16384
16384	12	14.527104	16384
16384	12	13.768440	16384
16384	12	12.849707	16384
16384	12	12.389452	16384
16384	12	13.974092	16384
16384	12	22.877664	16384
16384	12	14.671886	16384
16384	12	13.960499	16384
16384	12	13.632156	16384
16384	12	13.957677	16384
16384	12	13.197246	16384
16384	12	12.385813	16384
16384	12	12.722729	16384
16384	12	12.101169	16384
16384	12	11.907483	16384
16384	12	11.737256	16384
16384	12	11.893845	16384
16384	12	11.233390	16384
16384	12	11.154102	16384
16384	12	11.198997	16384
16384	51	15.941418	16384
16384	51	15.929226	16384
16384	51	15.814231	16384
16384	51	16.256167	16384
16384	51	15.829036	16384
16384	51	15.550061	16384
16384	51	15.799517	16384
16384	51	29.093464	16384
16384	51	24.869537	16384
16384	51	22.951678	16384
16384	51	21.200062	16384
16384	51	19.982430	16384
16384	51	18.633105	16384
16384	51	17.894897	16384
16384	51	27.832209	16384
16384	51	18.592742	16384
16384	51	27.622013	16384
16384	51	25.016826	16384
16384	51	21.943162	16384
16384	51	19.888358	16384
16384	51	18.989015	16384
16384	51	17.547664	16384
16384	51	28.028183	16384
16384	51	24.712695	16384
16384	51	27.394521	16384
16384	51	24.370535	16384
16384	51	23.542576	16384
16384	51	21.018978	16384
16384	51	27.704775	16384
16384	51	24.279431	16384
16384	51	23.205186	16384
16384	51	27.883480	16384
16384	51	25.474951	16384
16384	51	22.317635	16384
16384	51	20.594436	16384
16384	51	20.591309	16384
16384	51	19.587320	16384
16384	51	27.797473	16384
16384	51	24.507982	16384
16384	51	23.996330	16384
16384	51	21.197171	16384
16384	51	19.523153	16384
16384	51	20.132287	16384
16384	51	17.329907	16384
16384	51	27.181893	16384
16384	51	24.377228	16384
16384	51	22.540094	16384
16384	51	21.911283	16384
16384	51	20.421273	16384
16384	51	20.575124	16384
16384	51	26.709001	16384
16384	51	22.621542	16384
16384	51	21.387337	16384
16384	51	19.832709	16384
16384	51	19.664714	16384
16384	51	17.608201	16384
16384	51	26.807075	16384
16384	51	24.512463	16384
16384	51	23.232844	16384
16384	51	27.395316	16384
16384	51	25.077307	16384
16384	51	22.278954	16384
16384	51	22.170797	16384
16384	51	19.892178	16384
16384	51	24.199771	16384
16384	51	26.986030	16384
16384	51	24.726399	16384
16384	51	27.661721	16384
16384	51	25.480285	16384
16384	51	21.848382	16384
16384	51	21.094230	16384
16384	51	19.734326	16384
16384	51	18.946587	16384
16384	51	18.025491	16384
16384	51	27.299088	16384
16384	51	23.143578	16384
16384	51	28.402465	16384
16384	51	24.807395	16384
16384	51	22.407841	16384
16384	51	21.808257	16384
16384	51	20.988649	16384
16384	51	19.577171	16384
16384	51	18.645496	16384
16384	51	16.444844	16384
16384	51	17.186067	16384
16384	51	27.130145	16384
16384	51	25.284470	16384
16384	51	25.434060	16384
16384	51	22.611140	16384
16384	51	26.934119	16384
16384	51	24.855190	16384
16384	51	26.485559	16384
16384	51	25.163612	16384
16384	51	27.926279	16384
16384	51	25.370152	16384
16384	51	22.441145	16384
16384	51	23.444384	16384
16384	51	20.392510	16384
16384	51	19.452171	16384
16384	51	18.787563	16384
16384	93	23.416273	16384
16384	93	20.237330	16384
16384	93	17.952358	16384
16384	93	16.897946	16384
16384	93	15.784602	16384
16384	93	23.965551	16384
16384	93	20.760161	16384
16384	93	18.895308	16384
16384	93	17.278242	16384
16384	93	16.668762	16384
16384	93	15.664338	16384
16384	93	23.552567	16384
16384	93	20.505597	16384
16384	93	24.527065	16384
16384	93	21.873269	16384
16384	93	24.608256	16384
16384	93	23.677367	16384
16384	93	21.127631	16384
16384	93	18.494297	16384
16384	93	16.986097	16384
16384	93	16.040256	16384
16384	93	23.574911	16384
16384	93	24.029325	16384
16384	93	24.196893	16384
16384	93	20.515408	16384
16384	93	18.526202	16384
16384	93	16.163083	16384
16384	93	14.936215	16384
16384	93	13.979412	16384
16384	93	13.697068	16384
16384	93	13.423625	16384
16384	93	24.068899	16384
16384	93	24.644185	16384
16384	93	24.441798	16384
16384	93	23.800299	16384
16384	93	23.844783	16384
16384	93	24.943265	16384
16384	93	21.354147	16384
16384	93	24.000545	16384
16384	93	23.784830	16384
16384	93	20.538967	16384
16384	93	17.945397	16384
16384	93	16.143992	16384
16384	93	16.003870	16384
16384	93	14.388398	16384
16384	93	13.495684	16384
16384	93	13.577202	16384
16384	93	13.565244	16384
16384	93	13.792532	16384
16384	93	13.940793	16384
16384	93	13.414448	16384
16384	93	13.797434	16384
16384	93	22.283792	16384
16384	93	18.635894	16384
16384	93	17.815561	16384
16384	93	15.617465	16384
16384	93	15.416179	16384
16384	93	13.904349	16384
16384	93	13.300278	16384
16384	93	13.391782	16384
16384	93	13.413425	16384
16384	93	13.946553	16384
16384	93	22.512892	16384
16384	93	19.764898	16384
16384	93	17.514767	16384
16384	93	23.690152	16384
16384	93	20.255876	16384
16384	93	23.704449	16384
16384	93	22.873569	16384
16384	93	19.459100	16384
16384	93	18.164123	16384
16384	93	16.248519	16384
16384	93	23.995956	16384
16384	93	20.455826	16384
16384	93	23.540144	16384
16384	93	23.548920	16384
16384	93	20.392841	16384
16384	93	18.659097	16384
16384	93	17.505695	16384
16384	93	24.003481	16384
16384	93	20.705135	16384
16384	93	23.514329	16384
16384	93	20.713470	16384
16384	93	18.209633	16384
16384	93	16.492493	16384
16384	93	15.019026	16384
16384	93	14.228293	16384
16384	93	23.862239	16384
16384	93	20.858127	16384
16384	93	18.386252	16384
16384	93	16.815200	16384
16384	93	16.404495	16384
16384	93	24.294650	16384
16384	93	20.451077	16384
16384	93	18.206915	16384
16384	93	16.352679	16384
16384	93	15.878274	16384
16384	93	14.076686	16384
16384	93	13.693507	16384
16384	93	13.512224	16384
32768	1	9.247069	262144
32768	1	9.243877	262144
32768	1	9.287991	262144
32768	1	9.237405	262144
32768	1	9.233983	262144
32768	1	9.252982	262144
32768	1	9.230914	262144
32768	1	9.231942	262144
32768	1	9.251132	262144
32768	1	9.248795	262144
32768	1	9.249298	262144
32768	1	9.248275	262144
32768	1	9.245184	262144
32768	1	9.236864	262144
32768	1	9.257716	262144
32768	1	9.236617	262144
32768	1	9.241082	262144
32768	1	13.979545	262144
32768	1	11.774498	262144
32768	1	9.484798	262144
32768	1	9.276054	262144
32768	1	11.005959	262144
32768	1	9.283491	262144
32768	1	9.233497	262144
32768	1	9.236604	262144
32768	1	14.034038	262144
32768	1	15.125615	262144
32768	1	14.955960	262144
32768	1	10.573583	262144
32768	1	14.913300	262144
32768	1	13.217803	262144
32768	1	15.093242	262144
32768	1	14.479975	262144
32768	1	10.386648	262144
32768	1	14.025465	262144
32768	1	10.241307	262144
32768	1	14.971828	262144
32768	1	10.571001	262144
32768	1	13.575171	262144
32768	1	10.328788	262144
32768	1	9.209610	262144
32768	1	13.479026	262144
32768	1	15.052206	262144
32768	1	10.609652	262144
32768	1	10.363045	262144
32768	1	15.025867	262144
32768	1	10.935137	262144
32768	1	9.284814	262144
32768	1	10.420012	262144
32768	1	15.155797	262144
32768	1	15.026491	262144
32768	1	14.959859	262144
32768	1	10.556954	262144
32768	1	9.277033	262144
32768	1	9.224275	262144
32768	1	15.015786	262144
32768	1	10.602885	262144
32768	1	15.082636	262144
32768	1	14.463876	262144
32768	1	13.121077	262144
32768	1	9.847305	262144
32768	1	15.064721	262144
32768	1	14.971820	262144
32768	1	10.556999	262144
32768	1	9.293774	262144
32768	1	9.245251	262144
32768	1	9.249372	262144
32768	1	9.227121	262144
32768	1	9.239135	262144
32768	1	9.233169	262144
32768	1	9.256120	262144
32768	1	9.269199	262144
32768	1	13.056047	262144
32768	1	15.052281	262144
32768	1	14.977383	262144
32768	1	15.074322	262144
32768	1	10.587083	262144
32768	1	14.953446	262144
32768	1	10.487696	262144
32768	1	9.261519	262144
32768	1	14.870811	262144
32768	1	15.301092	262144
32768	1	15.263949	262144
32768	1	15.118543	262144
32768	1	13.642876	262144
32768	1	15.302936	262144
32768	1	14.985730	262144
32768	1	10.473066	262144
32768	1	14.900372	262144
32768	1	15.123121	262144
32768	1	10.784466	262144
32768	1	12.166784	262144
32768	1	9.343449	262144
32768	1	9.406804	262144
32768	1	9.407794	262144
32768	1	9.407853	262144
32768	1	14.197315	262144
32768	1	15.168287	262144
32768	1	10.971963	262144
32768	1	15.129516	262144
32768	5	18.712221	52428
32768	5	18.466627	52428
32768	5	15.896246	52428
32768	5	14.986168	52428
32768	5	18.556168	52428
32768	5	16.614419	52428
32768	5	14.495406	52428
32768	5	13.743262	52428
32768	5	13.262404	52428
32768	5	12.297335	52428
32768	5	11.374048	52428
32768	5	10.976018	52428
32768	5	18.817419	52428
32768	5	16.102812	52428
32768	5	14.359717	52428
32768	5	13.568328	52428
32768	5	13.168004	52428
32768	5	12.161847	52428
32768	5	12.829398	52428
32768	5	16.348157	52428
32768	5	10.977230	52428
32768	5	10.064476	52428
32768	5	10.680706	52428
32768	5	12.216718	52428
32768	5	10.275959	52428
32768	5	9.532564	52428
32768	5	9.696371	52428
32768	5	9.640082	52428
32768	5	10.543115	52428
32768	5	9.573646	52428
32768	5	9.639316	52428
32768	5	10.777372	52428
32768	5	10.725737	52428
32768	5	10.332867	52428
32768	5	9.994195	52428
32768	5	10.071037	52428
32768	5	10.189594	52428
32768	5	9.486007	52428
32768	5	9.745663	52428
32768	5	9.673919	52428
32768	5	9.708683	52428
32768	5	9.796118	52428
32768	5	9.698216	52428
32768	5	9.543515	52428
32768	5	9.624663	52428
32768	5	9.693770	52428
32768	5	17.959208	52428
32768	5	16.162247	52428
32768	5	13.941951	52428
32768	5	13.385720	52428
32768	5	14.503178	52428
32768	5	12.038058	52428
32768	5	11.065502	52428
32768	5	10.539515	52428
32768	5	9.954152	52428
32768	5	9.776778	52428
32768	5	9.821575	52428
32768	5	18.503381	52428
32768	5	13.386748	52428
32768	5	19.211219	52428
32768	5	17.571830	52428
32768	5	14.275515	52428
32768	5	13.115295	52428
32768	5	12.778186	52428
32768	5	12.031707	52428
32768	5	11.206531	52428
32768	5	10.943558	52428
32768	5	10.200646	52428
32768	5	9.664233	52428
32768	5	17.036426	52428
32768	5	15.015153	52428
32768	5	13.271901	52428
32768	5	12.715622	52428
32768	5	12.447452	52428
32768	5	18.827724	52428
32768	5	16.699832	52428
32768	5	21.568948	52428
32768	5	17.659239	52428
32768	5	12.537225	52428
32768	5	14.450847	52428
32768	5	11.045351	52428
32768	5	11.758999	52428
32768	5	11.895444	52428
32768	5	11.849530	52428
32768	5	11.460844	52428
32768	5	19.716815	52428
32768	5	21.151258	52428
32768	5	22.509087	52428
32768	5	19.851551	52428
32768	5	13.169830	52428
32768	5	15.395528	52428
32768	5	11.608544	52428
32768	5	10.725080	52428
32768	5	10.961906	52428
32768	5	10.751310	52428
32768	5	10.850887	52428
32768	5	10.768772	52428
32768	5	10.238875	52428
32768	5	10.356271	52428
32768	5	11.713819	52428
32768	12	22.238125	32768
32768	12	20.935089	32768
32768	12	22.793163	32768
32768	12	25.999042	32768
32768	12	22.475861	32768
32768	12	20.070594	32768
32768	12	19.399749	32768
32768	12	19.741019	32768
32768	12	18.641381	32768
32768	12	19.249692	32768
32768	12	19.246735	32768
32768	12	22.734112	32768
32768	12	21.495667	32768
32768	12	20.613809	32768
32768	12	19.867733	32768
32768	12	19.176590	32768
32768	12	19.131207	32768
32768	12	18.598462	32768
32768	12	18.608278	32768
32768	12	18.921567	32768
32768	12	19.150668	32768
32768	12	18.869485	32768
32768	12	18.729720	32768
32768	12	18.244534	32768
32768	12	18.522184	32768
32768	12	18.827845	32768
32768	12	18.320145	32768
32768	12	18.802423	32768
32768	12	18.538745	32768
32768	12	18.882296	32768
32768	12	18.802544	32768
32768	12	19.730378	32768
32768	12	19.021846	32768
32768	12	19.915807	32768
32768	12	20.171440	32768
32768	12	19.770023	32768
32768	12	19.814062	32768
32768	12	21.301789	32768
32768	12	20.637612	32768
32768	12	21.007473	32768
32768	12	20.732589	32768
32768	12	20.488157	32768
32768	12	19.239218	32768
32768	12	18.592872	32768
32768	12	18.066715	32768
32768	12	18.687059	32768
32768	12	17.101749	32768
32768	12	16.611884	32768
32768	12	22.266260	32768
32768	12	20.883874	32768
32768	12	25.830340	32768
32768	12	19.345962	32768
32768	12	18.886009	32768
32768	12	18.590150	32768
32768	12	19.802520	32768
32768	12	19.551896	32768
32768	12	17.163384	32768
32768	12	16.583660	32768
32768	12	16.340702	32768
32768	12	16.085668	32768
32768	12	15.981549	32768
32768	12	16.217340	32768
32768	12	16.398875	32768
32768	12	16.790441	32768
32768	12	16.098591	32768
32768	12	16.237654	32768
32768	12	16.270723	32768
32768	12	16.413312	32768
32768	12	16.618608	32768
32768	12	16.033455	32768
32768	12	16.531934	32768
32768	12	25.069857	32768
32768	12	22.575337	32768
32768	12	20.459398	32768
32768	12	25.507590	32768
32768	12	25.836608	32768
32768	12	22.885979	32768
32768	12	22.651845	32768
32768	12	22.836718	32768
32768	12	22.477477	32768
32768	12	21.303512	32768
32768	12	20.661974	32768
32768	12	20.293040	32768
32768	12	19.008395	32768
32768	12	18.073264	32768
32768	12	18.547303	32768
32768	12	18.397793	32768
32768	12	18.834220	32768
32768	12	23.246318	32768
32768	12	19.539429	32768
32768	12	17.562143	32768
32768	12	16.177311	32768
32768	12	16.208827	32768
32768	12	26.590550	32768
32768	12	18.159620	32768
32768	12	18.161119	32768
32768	12	17.245282	32768
32768	12	18.848245	32768
32768	12	25.262010	32768
32768	12	25.572076	32768
32768	51	34.067361	32768
32768	51	35.102375	32768
32768	51	34.947753	32768
32768	51	40.258696	32768
32768	51	36.646147	32768
32768	51	33.692201	32768
32768	51	32.962849	32768
32768	51	33.579438	32768
32768	51	35.754706	32768
32768	51	33.352794	32768
32768	51	37.265660	32768
32768	51	39.496938	32768
32768	51	35.127802	32768
32768	51	33.097455	32768
32768	51	34.993077	32768
32768	51	44.488385	32768
32768	51	32.656478	32768
32768	51	35.442979	32768
32768	51	35.096327	32768
32768	51	34.888693	32768
32768	51	33.734254	32768
32768	51	38.015162	32768
32768	51	24.809457	32768
32768	51	24.808462	32768
32768	51	24.104325	32768
32768	51	23.449689	32768
32768	51	23.138093	32768
32768	51	31.235226	32768
32768	51	33.671378	32768
32768	51	26.823908	32768
32768	51	25.677039	32768
32768	51	24.617223	32768
32768	51	25.728580	32768
32768	51	34.061355	32768
32768	51	35.798481	32768
32768	51	37.922864	32768
32768	51	29.551261	32768
32768	51	26.312033	32768
32768	51	23.644040	32768
32768	51	31.581617	32768
32768	51	28.755950	32768
32768	51	26.041553	32768
32768	51	26.960302	32768
32768	51	28.086053	32768
32768	51	26.600510	32768
32768	51	25.443776	32768
32768	51	24.168188	32768
32768	51	34.572454	32768
32768	51	27.722368	32768
32768	51	25.967137	32768
32768	51	29.638948	32768
32768	51	26.075934	32768
32768	51	34.319752	32768
32768	51	35.125192	32768
32768	51	30.220951	32768
32768	51	27.070115	32768
32768	51	26.014411	32768
32768	51	25.337319	32768
32768	51	28.683007	32768
32768	51	30.205334	32768
32768	51	25.971962	32768
32768	51	26.316573	32768
32768	51	25.334617	32768
32768	51	32.329596	32768
32768	51	37.035508	32768
32768	51	34.877363	32768
32768	51	31.153698	32768
32768	51	28.230568	32768
32768	51	27.830126	32768
32768	51	33.220826	32768
32768	51	30.197529	32768
32768	51	27.514774	32768
32768	51	27.407239	32768
32768	51	27.399989	32768
32768	51	27.175814	32768
32768	51	27.054910	32768
32768	51	30.733615	32768
32768	51	33.514436	32768
32768	51	30.107512	32768
32768	51	33.341874	32768
32768	51	31.524137	32768
32768	51	35.932802	32768
32768	51	34.805479	32768
32768	51	33.169265	32768
32768	51	37.006139	32768
32768	51	30.175853	32768
32768	51	31.712241	32768
32768	51	32.662689	32768
32768	51	28.289999	32768
32768	51	24.339249	32768
32768	51	22.456624	32768
32768	51	24.851078	32768
32768	51	28.113248	32768
32768	51	34.536730	32768
32768	51	35.266722	32768
32768	51	35.686034	32768
32768	51	34.631801	32768
32768	51	31.407756	32768
32768	51	28.769034	32768
32768	51	27.209398	32768
32768	93	30.908082	32768
32768	93	26.578453	32768
32768	93	29.640984	32768
32768	93	25.188918	32768
32768	93	29.652996	32768
32768	93	25.784739	32768
32768	93	21.693411	32768
32768	93	21.387354	32768
32768	93	21.197220	32768
32768	93	19.972592	32768
32768	93	36.826461	32768
32768	93	58.412958	32768
32768	93	34.168843	32768
32768	93	29.149319	32768
32768	93	23.517272	32768
32768	93	27.489173	32768
32768	93	26.092961	32768
32768	93	22.395393	32768
32768	93	24.568221	32768
32768	93	29.254997	32768
32768	93	29.951898	32768
32768	93	31.162601	32768
32768	93	29.400022	32768
32768	93	28.927777	32768
32768	93	29.492337	32768
32768	93	25.844237	32768
32768	93	21.915804	32768
32768	93	31.473147	32768
32768	93	27.080828	32768
32768	93	29.263709	32768
32768	93	27.164492	32768
32768	93	24.749013	32768
32768	93	27.460999	32768
32768	93	28.047740	32768
32768	93	27.231240	32768
32768	93	27.001074	32768
32768	93	23.819398	32768
32768	93	27.724805	32768
32768	93	27.818279	32768
32768	93	27.816262	32768
32768	93	27.561286	32768
32768	93	39.036034	32768
32768	93	27.137284	32768
32768	93	21.983298	32768
32768	93	21.422634	32768
32768	93	21.415917	32768
32768	93	25.845289	32768
32768	93	28.462577	32768
32768	93	28.498673	32768
32768	93	27.625905	32768
32768	93	27.370909	32768
32768	93	29.750151	32768
32768	93	29.191487	32768
32768	93	29.270159	32768
32768	93	29.319063	32768
32768	93	27.534104	32768
32768	93	28.513519	32768
32768	93	22.723672	32768
32768	93	29.617134	32768
32768	93	23.124194	32768
32768	93	27.913980	32768
32768	93	27.930381	32768
32768	93	27.707546	32768
32768	93	23.163132	32768
32768	93	28.858157	32768
32768	93	27.189489	32768
32768	93	27.475855	32768
32768	93	27.627015	32768
32768	93	28.108960	32768
32768	93	28.230240	32768
32768	93	27.336174	32768
32768	93	27.803201	32768
32768	93	23.088206	32768
32768	93	21.172765	32768
32768	93	20.082643	32768
32768	93	20.309657	32768
32768	93	22.895457	32768
32768	93	20.895779	32768
32768	93	22.326702	32768
32768	93	21.084327	32768
32768	93	20.841683	32768
32768	93	20.572365	32768
32768	93	27.629355	32768
32768	93	29.181140	32768
32768	93	23.533483	32768
32768	93	21.037507	32768
32768	93	21.602384	32768
32768	93	22.811138	32768
32768	93	20.767682	32768
32768	93	21.018253	32768
32768	93	20.348738	32768
32768	93	20.696095	32768
32768	93	21.251375	32768
32768	93	20.318397	32768
32768	93	20.764558	32768
32768	93	28.248951	32768
32768	93	23.578959	32768
32768	93	20.791819	32768
32768	93	21.456674	32768
32768	93	20.851080	32768
